#,Business Name,Industry/Niche,Bogota Location,Website,Website Problem,Business Email,Evidence/Source,Why High-Ticket Prospect,Lead Score
1,Metrix Finanzas,Asesoría financiera / banca de inversión boutique (M&A),"Av. Calle 72 #6-30, Piso 2, Chapinero, Bogotá",https://www.metrixfinanzas.com,"OUTDATED — estética anticuada tipo fintech, sin WhatsApp, sin formularios de contacto ni testimonios",metrix@metrixfinanzas.com,metrixfinanzas.com; metrixfinanzas.com/clientes (historial M&A confirmado),Banco de inversión boutique de 24 años en M&A/valoraciones — cada mandato puede valer decenas de miles de USD; el sitio subestima notoriamente a una firma con esta credibilidad.,9
2,AIPH Ltda (Administración Integral de Propiedad Horizontal),Administración de propiedad horizontal,"Calle 174A #49B-40, Bogotá D.C.",https://www.aiphltda.com/,"OUTDATED — diseño desactualizado, imágenes alojadas en Google, sin framework responsive, navegación saturada",gerencia@aiphltda.com,aiphltda.com; aiph.co/contactenos.html,Administra portafolios residenciales/comerciales grandes de PH; un solo contrato de edificio es un flujo de ingresos recurrente multianual.,8
3,Autos Exclusivos 105,Concesionario de vehículos usados premium/de lujo,"Cl. 105a #14-41, Usaquén, Bogotá",https://www.autos-exclusivos.com/,"OUTDATED — construido en la plataforma gratuita Google Sites, estética anticuada, sin testimonios, sin captura de leads moderna",info@autos-exclusivos.com,"Google Maps (4.5★, 35 reseñas); sitio web","Concesionario establecido en Usaquén (inventario real, múltiples líneas telefónicas/horarios) vendiendo vehículos de alto valor pero presentándose en un constructor gratuito Google Sites — fuerte candidato a rediseño.",8
4,C&M Consultores,Consultoría gerencial / de infraestructura,"Carrera 13 #96-67, Of. 309, Bogotá",https://cmconsultores.com.co,"LOW-CONVERSION WEBSITE — apariencia moderna pero sin WhatsApp, formularios de captura ni testimonios",comercial@cmconsultores.com.co,cmconsultores.com.co,"25+ años, proyectos públicos nombrados (RegioTram, etc.) — mandatos de altísimo valor sin mecanismo de conversión para nuevos clientes entrantes.",8
5,CCA Abogados y Consultores Tributaristas,Derecho tributario empresarial,"Calle 71 #6-21, Of. 402, Bogotá",https://www.cca-abogados.com/,"OUTDATED — sliders básicos, sin evidencia de rediseño reciente",info@cca-abogados.com,cca-abogados.com (homepage),Asesoría tributaria corporativa y litigios con la DIAN implican honorarios recurrentes de alto valor; el sitio anticuado resta confianza para negociaciones de seis cifras.,8
6,Centro Oftalmológico Gustavo Tamayo Fernández,Oftalmología privada / LASIK y cirugía corneal,"Calle 113 #7-45, Torre B, Of. 906, Bogotá",https://www.gustavotamayo.com/nosotros,"WEBSITE EXISTS BUT VERY WEAK — footer genérico tipo stock, fotos de equipo dispersas/anticuadas, sin reservas en línea ni testimonios",consultoriogustavotamayo@gmail.com,gustavotamayo.com,LASIK/PRK y trasplante de córnea son procedimientos electivos de alto ticket (miles de USD) y críticos en confianza; faltan testimonios/reservas dado lo mucho que investigan los pacientes de LASIK.,8
7,Centroseguros,Corretaje de seguros corporativos,"Centro Empresarial Cabrera, Cra 7 #84A-29, Of. 901, Bogotá",https://www.centroseguros.com.co,"LOW-CONVERSION WEBSITE — sin WhatsApp, sin testimonios, únicos CTA son enlaces de pago/SOAT",centroseguros@centroseguros.com.co,centroseguros.com.co,"Corredor de seguros corporativos con 40+ años, certificación ISO-9001 (Grupo Ilao) y cartera B2B real; el sitio es transaccional, no una herramienta de confianza comercial.",8
8,Cirujano Plástico Bogotá,Cirugía plástica,"Carrera 16 #80-77, Bogotá D.C.",https://cirujanoplasticobogota.com/,"WEBSITE EXISTS BUT VERY WEAK — imágenes placeholder SVG nunca reemplazadas, sin galería, sin testimonios, sin WhatsApp, sin cirujano nombrado pese a alegar '20 años de experiencia'",info@cirujanoplasticobogota.com,cirujanoplasticobogota.com,"Oferta integral de cirugía plástica para el mercado de Bogotá; el sitio es prácticamente una cáscara sin terminar, sin contenido de confianza.",8
9,Cárdenas Vega Asesores,Propiedad intelectual (marcas/patentes),"Cra 17 #150-52, Of. 302, Cedritos/Usaquén, Bogotá",https://www.cardenasvega.com/,"OUTDATED — plantilla tradicional, sin el pulido moderno de firmas legales líderes pese a buen contenido",info@cardenasvega.com,cardenasvega.com/index.php/contacto; civico.com (confirma oficina en Cedritos),Clientes corporativos que protegen marcas generan trabajo recurrente de alto valor; el sitio no refleja una práctica consolidada de más de una década.,8
10,Dental Experience (Dra. Sonia Osorio),"Odontología estética / diseño de sonrisa, implantes","Cra. 23 #124-87, Ed. Zentai Torre 2, Cons. 302, Usaquén, Bogotá",https://www.dentalexperience.com.co/,"WEBSITE EXISTS BUT VERY WEAK — plantilla WordPress genérica, GIFs rotos donde deberían cargar imágenes, sección de testimonios sin citas reales, correo de Gmail personal en vez de dominio propio",comercialdentalexperience@gmail.com,dentalexperience.com.co (sitio + footer),Práctica de diseño de sonrisa con 15+ años y tecnología 3D; los rediseños completos de sonrisa cuestan miles de USD y los pacientes investigan mucho — el sitio roto/genérico perjudica la conversión de una práctica creíble.,8
11,Dr. Rito Mariño,Medicina estética/cirugía plástica,"Cra 18 #84-11 (Country) / Calle 83 #19-36, Bogotá",https://www.ritomarino.co,"OUTDATED — plantilla Avada/WordPress anticuada, navegación desordenada, sin testimonios, galería ni reservas en línea",consulta@ritomarino.co,ritomarino.co/medicina-estetica-bogota/,Cirujano plástico consolidado con dos oficinas en Bogotá; el sitio subestima la práctica.,8
12,ESTUDIO180,"Arquitectura residencial de lujo, construcción y diseño de interiores",Bogotá,https://www.estudio180.co/,"WEBSITE EXISTS BUT VERY WEAK — el contacto lleva a una cuenta de Gmail personal en lugar de un correo de marca, contradiciendo el posicionamiento 'de lujo' del sitio",180gradosarquitectura@gmail.com,estudio180.co (footer/mailto),"20 años, 120 proyectos completados, pipeline integral diseño-construcción-mobiliario — negocio claramente de alto ticket y dependiente de portafolio.",8
13,EsplenDent (Clínicas Odontológicas Bogotá),Implantología dental / cirugía maxilofacial,"Cra. 59A #136-95, Local 203, Colina Campestre (C.C. Mall 138), Bogotá",https://clinicasodontologicasbogota.com/,"OUTDATED — plantilla genérica anticuada, fotos de stock, CTAs vagos, sin testimonios, contador de estadísticas en la portada roto mostrando ceros",comercial@esplendent.com,clinicasodontologicasbogota.com/implantologia-dental-en-bogota/,Práctica de implantes/maxilofacial establecida hace 19 años — los implantes y cirugía oral están entre los procedimientos dentales de mayor ticket ($2.000–$10.000+ USD por caso); el sitio anticuado y roto es un lastre claro.,8
14,GMH Auditores,Auditoría y reestructuración empresarial (Ley 1116),"Aut. Norte Cra 45 #103-34, Of. 505, Bogotá",https://gmhauditores.com,"LOW-CONVERSION WEBSITE — diseño moderno pero sin testimonios/casos, formularios dependientes de JS",info@gmhauditores.com,gmhauditores.com,Maneja reorganización empresarial e insolvencia (Ley 1116) y auditoría estatutaria — categoría donde las señales de credibilidad importan enormemente y están ausentes.,8
15,Garzón & Garzón Abogados (Abogados de Familia Bogotá),Derecho de familia — divorcio y división de bienes de alto valor,"Calle 43A #9-98, Of. 802, Ed. Central Park 43, Bogotá",https://abogadosdefamiliabogota.com/,OUTDATED — diseño moderadamente anticuado y básico,info@abogadosdefamiliabogota.com,abogadosdefamiliabogota.com (homepage),30 años en divorcios y división de bienes matrimoniales — casos con grandes implicaciones financieras para clientes de alto patrimonio; el diseño no refleja la trayectoria de la firma.,8
16,HHC Consultores,"Consultoría estratégica/financiera (valoración, M&A)","Cra 8 #38-33, Of. 1204, Centro Internacional, Bogotá",https://www.hhcglobal.com/en,"WEBSITE EXISTS BUT VERY WEAK — sin WhatsApp, sin testimonios, CTAs mínimos, sin captura de leads",info@hhcglobal.com,hhcglobal.com,Consultores con 20-36 años de experiencia; clientes citados incluyen bancos y la alcaldía de Bogotá — trabajo de asesoría de altísimo riesgo mal representado en línea.,8
17,IMSACOL (Ingeniería y Mantenimiento SAS),Ingeniería industrial — fabricación y mantenimiento de moldes/troqueles,"Cra. 13 #134c-03, Bogotá",http://imsacol.com/,"LOW-CONVERSION WEBSITE — página configurada como 'noindex, nofollow' (invisible para Google), rutas de imagen rotas apuntando a localhost, sin testimonios",laura.suarez@imsacol.com,Google Maps; metaetiquetas y bloque de contacto del sitio,Fabricante industrial de 25+ años que atiende clientes corporativos; la etiqueta noindex/nofollow implica que el negocio es esencialmente invisible en búsquedas pese a tener un sitio real — oportunidad enorme y fácil de corregir.,8
18,Integralph (Gestión Integral de Propiedad Horizontal SAS),Administración de propiedad horizontal,"Calle 30A #6-22, Bogotá",https://www.integralph.com/,"OUTDATED — diseño WordPress anticuado, popups intrusivos, bloques de texto densos, mala experiencia móvil",info@integralph.com,integralph.com,Administra 20+ propiedades comerciales/residenciales en Bogotá desde 2006; cuotas de administración recurrentes dependientes de confianza.,8
19,Julieth Bravo Wedding Planner,Wedding planning de lujo,"Cl. 125 #30-65/67, Bogotá (también Miami)",http://www.juliethbravo.com/,"WEBSITE EXISTS BUT VERY WEAK — portada cargada de plantilla, sin portafolio/galería, sin testimonios, sin botón de WhatsApp ni formulario de contacto",hello@juliethbravo.com,"juliethbravo.com (contacto); Google Maps (4.9★, 58 reseñas); Instagram @juliethbravowp (3.449 seguidores)","Wedding planner bilingüe internacional (Bogotá/Miami) — bodas de lujo completas cuestan decenas de miles de USD por cliente, y las parejas investigan planners en línea antes de reservar.",8
20,La Dentistería,"Odontología (implantes, general)","Modelia, Cra 80c #24c-19, Bogotá",https://www.ladentisteria.com.co,"OUTDATED — sitio en Joomla anticuado, sin testimonios ni galería de antes/después",ladentisteria.ce@gmail.com,ladentisteria.com.co,Clínica de implantes establecida con equipo moderno cuya credibilidad es opacada por un sitio anticuado.,8
21,Multisoluciones,"Contabilidad, tributario y outsourcing legal empresarial + administración de propiedad horizontal","Cra. 10 #24-49, Of. 301, Ed. Gómez, Bogotá",https://multisoluciones.com.co,"OUTDATED — diseño jerárquico estilo años 2000, sin testimonios, sin ruta de conversión clara",asesoria@multisoluciones.com.co,multisoluciones.com.co (sitio + footer); multisoluciones.com.co/administracion-de-edificios.html,"Firma multiservicio (NIIF, outsourcing, revisoría fiscal, administración de edificios) con presencia en 3 ciudades; servicio B2B dependiente de confianza con una puerta digital débil pese a su escala real.",8
22,Oscar Nieto Dental,"Odontología (implantología, All-on-4, turismo dental)","Carrera 15 #99-13, Bogotá",https://oscarnietodental.com,"WEBSITE EXISTS BUT VERY WEAK — sin reservas en línea, sin testimonios ni galería de antes/después",onietodental@gmail.com,oscarnietodental.com,Especialista en implantes All-on-4/arco completo dirigido a pacientes internacionales — ticket muy alto.,8
23,Pravice Abogados,Propiedad intelectual (marcas/patentes/derechos de autor),"Calle 98 #22-64, Of. 716, Ed. Calle 100 PH, Bogotá",https://abogadosespecialistas.com.co/propiedad-intelectual.html,"OUTDATED — diseño moderadamente anticuado, secciones repetitivas, aspecto de 'principios de los 2020'",servicioalcliente@pravice.co,abogadosespecialistas.com.co/propiedad-intelectual.html,23 años en práctica de marcas y patentes — fuerte credibilidad institucional que el sitio no refleja.,8
24,Páez Mora & Asociados,Derecho inmobiliario / propiedad horizontal / construcción,Bogotá D.C. (confirmado vía Facebook y Páginas Amarillas),https://paezmora.co/,"WEBSITE EXISTS BUT VERY WEAK — texto de plantilla sin editar visible en el sitio, contenido de 2020 (COVID) aún vigente, sin correo/dirección en home",info@paezmora.com,paezmora.co/contacto/; facebook.com/paezmoraasociados; Páginas Amarillas,Maneja disputas inmobiliarias y de construcción de alto valor para edificios/constructoras; sitio visiblemente descuidado (texto placeholder en vivo) es una señal fuerte de oportunidad.,8
25,Quijano Orjuela Abogados,Derecho laboral corporativo,"Cra 55 #152b-68 Torre A, Of. 807, Bogotá",https://quijanoorjuelaabogados.com/services/derecho-laboral/,"OUTDATED — imágenes rotas en todo el sitio, contenido repetitivo, plantilla WordPress desactualizada",info@quijanoorjuelaabogados.com,quijanoorjuelaabogados.com (servicios),Firma laboral con red nacional que atiende empleadores en disputas colectivas y pensiones — retainers corporativos de alto valor perjudicados por elementos visuales rotos.,8
26,Quinta Fachada Estudio,"Arquitectura + diseño de interiores (residencial/comercial/institucional, neuroarquitectura)","Cl 93b #11a-84, Of. 402, Bogotá",https://arquitecturainterior.com.co/,WEBSITE EXISTS BUT VERY WEAK — el propio sitio funciona más como blog/SEO que como vitrina de portafolio pulida,contacto@arquitecturainterior.com.co,arquitecturainterior.com.co (footer),"20 años de experiencia, equipo multidisciplinario, ángulo diferenciado en neurociencia aplicada al diseño — nicho de fuerte confianza/credibilidad.",8
27,RRUA Legal,Derecho migratorio (visas EE.UU./Colombia),"Calle 90 #13A-31, Of. 405, Bogotá",https://www.rrualegal.com/,"WEBSITE EXISTS BUT VERY WEAK — plantilla tipo Wix, carruseles lentos, poco contenido sustantivo",info@rrulegal.com,rrualegal.com (homepage),Casos migratorios transfronterizos (incluye trámites de embajada) son de alto valor y dependen de confianza; el sitio plantilla perjudica la conversión de solicitantes con poder adquisitivo.,8
28,Tecni (Tecnología Inmobiliaria S.A.),"Bienes raíces comerciales (oficinas corporativas, bodegas)","Ave. Cra. 7 #127-48, Of. 1101, Bogotá D.C.",https://tecni.com.co/,"OUTDATED — construcción WordPress básica, diseño tradicional, sin posicionamiento premium diferenciado pese a clientes de primer nivel",contactenos@tecni.com.co,tecni.com.co,"Firma de 50 años que arrienda espacio corporativo a Adidas, Cruz Verde, Allegion; proyecto Team Tower 93 (10.000+ m²) — valores de transacción muy altos.",8
29,The Grad School,Educación ejecutiva — preparación GMAT/GRE/MBA y asesoría de admisiones internacionales,"Cra. 16a #86a-57, Bogotá",http://thegradschool.com/,"OUTDATED — construcción anticuada en Visual Composer, sin testimonios/prueba social pese a 20 años y 2.000+ estudiantes ubicados",info@thegradschool.com,"Google Maps (5.0★, 9 reseñas); bloque de contacto del sitio",Asesoría de admisiones/preparación de exámenes para programas en el extranjero y MBA es un servicio de alta confianza y alto ticket (miles de USD por cliente) donde los aspirantes investigan mucho a sus asesores en línea.,8
30,Tritech (Fisioterapia Deportiva / Triatlón & Bike Fitting),"Fisioterapia / rehabilitación deportiva (triatlón, ciclismo, running)","Carrera 16A #85-85 (también Diagonal 82g #72b-21), Bogotá",https://tritech.com.co/fisioterapia-deportiva.html,"OUTDATED — plantilla de varios años, sin botón de WhatsApp, sin reservas en línea, sin testimonios, CTAs débiles",info@ortomec.com.co,tritech.com.co,Atiende triatletas/ciclistas que pagan por paquetes de bike-fitting + rehabilitación — nicho premium de gasto recurrente perjudicado por la ausencia total de herramientas modernas de conversión.,8
31,ARQOM Arquitectura,Arquitectura + remodelación de interiores + construcción,Bogotá,https://www.arqomarquitectura.com/,WEBSITE EXISTS BUT VERY WEAK — plantilla Wix genérica; sin marca premium distintiva pese a buenas fotos,info@arqomarquitectura.com,arqomarquitectura.com (footer/contacto),"30+ proyectos de renovación/remodelación completados en Bogotá, muebles a medida + ejecución integral — alto valor por proyecto, dependiente de confianza.",7
32,ASA Seguros (Agencia ASA),Corretaje de seguros para PYMES/fondos de empleados,Oficina Bogotá (verificada telefónicamente),https://www.asacolombia.com,"WEBSITE EXISTS BUT VERY WEAK — anticuado frente a corredores contemporáneos, sin testimonios",recaudos@asaseguros.co,asacolombia.com (teléfono Bogotá listado),Corredor asociado a AON con ~2.500 clientes atendiendo PYMES y fondos de beneficios; negocio sólido con presentación digital débil.,7
33,AdyCont SAS,Planeación financiera y asesoría tributaria para PYMES,"Calle 39 Sur 53-21, Ed. Katari, Bogotá",https://adycont.com.co,"OUTDATED — diseño tipo Joomla envejecido, sin testimonios ni formularios de captura",info@adycont.com.co,adycont.com.co,Planeación financiera y cumplimiento tributario DIAN para dueños de PYMES que deben confiar sus finanzas a un asesor; el sitio no ofrece prueba de credibilidad.,7
34,Alianza Contable,Contabilidad y asesoría tributaria,"Calle 70 #69i-28, Bogotá",https://alianzacontable.com,"WEBSITE EXISTS BUT VERY WEAK — estilo WordPress anticuado, sin WhatsApp, sin testimonios, sin formularios de captura",info@alianzacontable.com,alianzacontable.com,12+ años atendiendo empresas de Bogotá en contabilidad/nómina/tributario tercerizados; nicho dependiente de credibilidad sin ninguna prueba social en el sitio.,7
35,Ariza Inmobiliaria & Constructora,Bienes raíces + remodelación/construcción,Bogotá,https://www.arizaconstructora.com/,POOR DESIGN — sitio estilo agencia inmobiliaria (listados de propiedades) en vez de vitrina de portafolio orientada al diseño — débil para vender remodelaciones a medida premium,info@arizaconstructora.com,arizaconstructora.com (footer/contacto),Combina remodelación con asesoría inmobiliaria/licencias para clientes de Bogotá — transacciones de alto valor dependientes de confianza.,7
36,Armonika Odontología,"Odontología (ortodoncia, implantes, blanqueamiento)","Santa Bárbara Occidental, Usaquén, Bogotá",https://armonikaodontologia.com,"WEBSITE EXISTS BUT VERY WEAK — sin galería de antes/después, gráficos placeholder incompletos",sonrisarmonika@gmail.com,armonikaodontologia.com,Clínica dental integral en zona adinerada de Santa Bárbara.,7
37,Arqydiseño (Arqy Diseño),"Arquitectura, licencias, construcción, visualización 3D","Kra 13 #96-67, Of. 608, Bogotá",https://arqdiseno.com/,"POOR DESIGN — plantilla Elementor genérica de pequeña firma; contenido estructurado como páginas SEO en vez de portafolio, débil para un comprador premium orientado al diseño",comercial@arqdiseno.com.co,arqdiseno.com (footer),Diseño+licencias+construcción+asesoría de inversión integral para proyectos residenciales/comerciales — venta de alto valor y fuerte dependencia de confianza.,7
38,Arte Oral,"Odontología (diseño de sonrisa, carillas)","Calle 110 #9-25, Bogotá",https://arteoral.com,"WEBSITE EXISTS BUT VERY WEAK — sin testimonios de pacientes pese a posicionamiento premium, gráficos placeholder",info.cita@arteoral.com,arteoral.com/diseno-de-sonrisa/,"Práctica boutique de diseño de sonrisa/carillas — alto valor por caso, dependiente de confianza.",7
39,COLVISA (Colombia Visa / Migración),Derecho migratorio,"Calle 93b #18-84, Of. 202, Centro Empresarial 93, Bogotá",https://visacolombianaparaextranjeros.com/abogados-de-inmigracion/,"WEBSITE EXISTS BUT VERY WEAK — bloques de texto densos, contenido duplicado en 6 páginas de ciudades, correos inconsistentes entre header/footer",gerencia@colvisa.com,visacolombianaparaextranjeros.com/abogados-de-inmigracion/,Práctica migratoria multi-ciudad de 14 años con credibilidad cercana a embajadas; un sitio más claro elevaría la conversión en casos de visa de alto valor.,7
40,CRIOLAB (sede Bogotá),Medicina estética / body contouring (criolipólisis),"Carrera 16 #88-81, Consultorio D-08, Bogotá",https://criolab.co/,"WEBSITE EXISTS BUT VERY WEAK — visualmente limpio pero sin nombres/credenciales médicas, sin galería de antes/después, sin testimonios",agendabogota@criolab.co,criolab.co,Cadena estética de dos ciudades con clientes recurrentes de reducción de grasa/contorno corporal; faltan marcadores de credibilidad médica clave.,7
41,Ciruplastia,Medicina/cirugía estética,"Carrera 15 #92-29, Bogotá",https://ciruplastia.com,WEBSITE EXISTS BUT VERY WEAK — sin galería de antes/después ni testimonios — brecha importante para una práctica estética,doctormonroy@ciruplastia.com,ciruplastia.com,"Equipo de 4 especialistas (cirugía plástica, dermatología, ORL) — valor por cliente muy alto.",7
42,Ciudad Legal Abogados,Derecho de familia,"Oficinas con cita previa en El Nogal y Chicó, Bogotá",https://www.ciudadlegalabogados.com/abogado-de-familia-bogota/,"LOW-CONVERSION WEBSITE — página de aterrizaje de 30 secciones, texto repetitivo, imágenes genéricas de stock",contacto@ciudadlegalabogados.com,ciudadlegalabogados.com/abogado-de-familia-bogota/,"Oficinas en Nogal/Chicó indican clientela adinerada para divorcio, custodia y sucesiones; la estructura extensa y desenfocada probablemente reduce la conversión.",7
43,Clínica Colombiana de Cirugía Plástica (CCCP),Cirugía plástica,"Autopista Norte #103b-59, Bogotá",https://cccp.com.co/,"OUTDATED — plantilla WordPress Slider Revolution, diseño anticuado, sin testimonios de pacientes, sin fotos/bios de doctores en portada",info@fabianblanchar.com,cccp.com.co (home + /doctores/),"Clínica quirúrgica multi-doctor (mama, cuerpo, facial) — credibilidad institucional real y alto ingreso por cirugía, pero el sitio anticuado resta confianza frente a la competencia.",7
44,Clínica Dental Santa Bárbara,Odontología (general/ortodoncia/implantes),"Calle 123 #7B-70, Bogotá",https://clinicadentalsantabarbara.com,"WEBSITE EXISTS BUT VERY WEAK — sin testimonios ni galería de antes/después, diseño funcional pero no pulido",contacto@clinicadentalsantabarbara.com,clinicadentalsantabarbara.com,"Fundada en 2000, odontología especializada integral en el norte adinerado de Bogotá.",7
45,Colombiana de Finca Raíz (CFR Inmobiliaria),Agencia inmobiliaria (venta/arriendo/administración),"Cra 19c #86-14, Of. 504, Bogotá D.C.",https://www.colombianadefincaraiz.co/,OUTDATED — convenciones y estilo de diseño de mediados de los 2000 pese a 40+ años en el mercado,contacto@colombianadefincaraiz.co,colombianadefincaraiz.co,"Trayectoria de 40 años, arrendador registrado (Matrícula 367), cartera completa de venta+arriendo+administración.",7
46,Colore Design,"Diseño de interiores y remodelación (cocinas, baños, oficinas)","Calle 160 #72-51, Bogotá",https://coloredesign.com.co/,"POOR DESIGN — mezcla remodelación premium con tienda de decoración tipo e-commerce, diluyendo una imagen de marca de alta gama; diseño de plantilla",comercial@coloredesign.com.co,coloredesign.com.co (footer),Diseño+construcción+mobiliario integral para clientes residenciales/comerciales — proyectos de renovación recurrentes de alto valor.,7
47,Consorcio Contable & Tributario,Asesoría contable y tributaria,"Av. El Dorado 68C-61, Of. 204, Bogotá",https://asesoriacontable.com.co,LOW-CONVERSION WEBSITE — funcional pero sin testimonios/casos en una categoría dependiente de confianza,contactenos@asesoriacontable.com.co,asesoriacontable.com.co,Firma de 12 años en outsourcing/tributario/nómina para empresas; tiene formulario pero nada que genere la confianza que exige contratar un contador.,7
48,Cuerpo Arte y Palabra — Psicólogos Clínicos Bogotá,Psicología privada (terapia individual/pareja),"Cra. 20 #137-21, Cedritos/Usaquén, Bogotá",https://www.cuerpoarteypalabra.com/,"OUTDATED — estructura de plantilla básica y anticuada, sin reservas en línea, baja sofisticación visual",psicologia.cap.bogota@gmail.com,cuerpoarteypalabra.com; psicologosbogota.com,Terapia privada recurrente en zona adinerada del norte de Bogotá es de alto valor de por vida y dependiente de confianza; el sitio anticuado es una primera impresión débil.,7
49,DSI Arquitectos,Diseño/decoración de interiores y remodelación llave en mano,"Cl. 94 #49A-21, Barrios Unidos, Bogotá",https://www.dsiarquitectos.com/,"POOR DESIGN — lista de servicios mezcla remodelación premium con 'limpieza/mantenimiento', debilitando la imagen de marca de lujo/alto ticket",proyectos@dsiarquitectos.com,dsiarquitectos.com (footer),"25 años en el mercado, proyectos residenciales/de oficina llave en mano — fuerte necesidad de credibilidad actualmente sub-aprovechada en línea.",7
50,DentaLine (Dentalinesas),Odontología general/especializada,"Teusaquillo, Calle 44 #16-74, Bogotá",https://dentalinesas.com,"WEBSITE EXISTS BUT VERY WEAK — sin galería de antes/después, diseño básico",info@dentalinesas.com,dentalinesas.com/contacto/,Clínica dental especializada en Bogotá central con base real de reseñas de pacientes.,7
51,Dental VIP Service,"Odontología (ortodoncia, alineadores invisibles, diseño digital de sonrisa)","Cedritos/Usaquén, Cra 14 #119-77, Bogotá",https://www.dentalvipservice.com,"OUTDATED — diseño mixto anticuado/moderno, sin reservas en línea claras",servicioalcliente@dentalvipservice.com,dentalvipservice.com,Práctica de varias décadas especializada en ortodoncia premium y diseño digital de sonrisa.,7
52,Dientes & Sonrisa,"Odontología (implantología, ortodoncia, cirugía)","Carrera 15 #77-90, Bogotá",https://www.dientesysonrisa.com,"OUTDATED — diseño visual anticuado, sin reservas en línea ni galería de antes/después",info@dientesysonrisa.com,dientesysonrisa.com/english-speaking-dentist-bogota-colombia.html,"Operando desde 1990, 6 especialistas, 4.9★/330 reseñas — práctica de alto valor consolidada con un sitio anticuado.",7
53,Doral Colombia AC S.A.S.,Administración de copropiedades,"Ak 15 #119-11, Ed. Epicocentro, Local 111, Santa Bárbara, Bogotá",https://www.doralcolombia.com/,"OUTDATED — diseño básico/poco atractivo, mínima imaginería más allá del logo, estética anticuada",copropiedades@doralcolombia.com,doralcolombia.com,Administrador de copropiedades establecido (desde 2015) en zona exclusiva (Santa Bárbara) — contratos de administración recurrentes.,7
54,Dr. Hernando Pérez Camargo / Clínica Me Mundo Estético,Cirugía plástica,"Ac. 24 #51-40, Ed. Capital Tower, Of. 416, Bogotá",https://www.hernandoperezcirujano.com/,LOW-CONVERSION WEBSITE — sin galería de antes/después ni testimonios; contacto a una dirección de Hotmail,Drhernandoperezcirujano@hotmail.com,hernandoperezcirujano.com; memundoestetico.com/sobre-la-clinica/,"Cirujano formado (Universidad de Buenos Aires, fellowship oncoplástico en España) con 8.000+ pacientes reclamados — credenciales fuertes sin ninguna prueba visual de resultados.",7
55,Dr. Juan Carlos León (León Cirugía Plástica),Cirugía plástica,"Clínica La Carolina, Carrera 14 #127-11, Cons. 401, Bogotá",https://leoncirugiaplastica.com/,LOW-CONVERSION WEBSITE — sin galería de antes/después ni testimonios; contacto vía correo de Yahoo,plasticaleon@yahoo.com,leoncirugiaplastica.com,"Cirujano miembro de SCCP en escenario de clínica premium con volumen quirúrgico real, pero el sitio omite la prueba visual que convierte compradores de alta intención.",7
56,Dr. Luis Carlos Burbano — Cardiólogo,Cardiología privada,"Carrera 7 #119-14, Cons. 413, Centro Médico de La Sabana, Bogotá",https://drburbanocardiologo.com/,"OUTDATED — construido en Drupal 8 con tema médico genérico de ~2019, sin reservas reales en línea (redirige a Facebook)",drburbanocardiologo@gmail.com,drburbanocardiologo.com,"Consultas/diagnósticos de cardiología (ecocardiogramas, Holter, consultas privadas) son de alta confianza, a menudo pago directo y dirigidos por referidos; una plantilla anticuada perjudica la credibilidad.",7
57,Dr. Saulo Roa Odontología,Odontología general/implantes,"Los Héroes, Bogotá",https://www.sauloroa.co/,"OUTDATED — diseño algo anticuado, sin testimonios ni galería de antes/después, contacto por WhatsApp/Gmail",sauloroco56@gmail.com,sauloroa.co,Dentista independiente enfocado en implantes; el contacto por Gmail personal señala una inversión digital pobre pese a procedimientos de alto valor.,7
58,Dra. Gina Ardila (Ortodoncia),Ortodoncia (Invisalign/invisible),"Av Cra 19 #102-53, Bogotá",https://draginaardila.com,WEBSITE EXISTS BUT VERY WEAK — sin sección formal de testimonios ni galería de antes/después,info@draginaardila.com,draginaardila.com,Posicionamiento boutique de ortodoncia premium ('solo 3 valoraciones diarias').,7
59,Estudio Clave Arquitectura,"Arquitectura y construcción (residencial/comercial, incl. fincas rurales)","Calle 92 #16-30, Bogotá (+ oficina en Boyacá)",https://estudioclavearquitectura.com/,WEBSITE EXISTS BUT VERY WEAK — dirección de contacto en Gmail; plantilla Elementor genérica sin identidad visual premium distintiva,infoestudioclave@gmail.com,estudioclavearquitectura.com (footer/mailto),Diseño+licencias+construcción integral de casas a medida en Bogotá/Cundinamarca/Boyacá — alto valor por proyecto.,7
60,Estudio López (Arquitectura),Diseño de interiores y remodelación integral premium,"Santa Bárbara, Bogotá D.C.",https://estudiolopezarq.com/,WEBSITE EXISTS BUT VERY WEAK — sitio de plantilla boutique; posicionamiento 'premium' no respaldado por una experiencia web distintiva,proyectos@estlopez.com,estudiolopezarq.com (footer),Se posiciona explícitamente en acabados premium/de lujo para clientes residenciales y corporativos en Bogotá.,7
61,Estudioderma (Dr. Daniel Mauricio Cuestas Rodríguez),Dermatología estética,"Calle 99 No 49-38, Of. 1601, Centum Business Center, Bogotá",https://www.estudioderma.com/,"WEBSITE EXISTS BUT VERY WEAK — plantilla Wix, sin galería de antes/después, sin testimonios, carrusel de imágenes tipo placeholder",administracion@estudioderma.com,estudioderma.com,Práctica de dermatología en el norte de Bogotá con clientes recurrentes de alto valor en acné/estética; sitio débil sin señales de confianza.,7
62,Fisioterapia Bogotá — Sandra Rincón,Fisioterapia / rehabilitación deportiva,"Cl. 53b #27-24, Cons. 707, detrás C.C. Galerías, Bogotá",https://sandrarincon.com.co/Fisioterapia-Bogota/,"OUTDATED — plantilla WordPress/Slider Revolution anticuada, diseño genérico, sin reservas en línea",ft.sandrarincon@gmail.com,sandrarincon.com.co (sitio + footer),Clientes recurrentes de rehabilitación de lesiones con alto valor de referido; práctica respaldada por 700+ testimonios pero un sitio sin pulir la subestima frente a prospectos que comparan proveedores en línea.,7
63,Full Bodas – Wedding Planners Bogotá,Planeación de bodas,"Tv. 26 #53C-78, Teusaquillo, Bogotá",NO WEBSITE (fullbodas.com resuelve a un marketplace chileno no relacionado),NO WEBSITE,info@fullbodas.com,Google Maps (4.5★); Instagram @fullbodas (bio); Facebook; registro mercantil (Full Bodas S.A.S.),Empresa registrada de diseño de bodas con presencia social activa pero cero presencia web propia — los prospectos no pueden encontrarla/investigarla en línea antes de una reserva de alto valor.,7
64,G&D Consulting Group,Outsourcing contable y tributario,"Calle 98 #18-71, Of. 604-607, Ed. Varese, Bogotá",https://www.gydconsulting.com,"LOW-CONVERSION WEBSITE — patrones de carga anticuados, sin testimonios pese a certificación ISO y escala multi-ciudad",info@gydconsulting.com,gydconsulting.com,"Firma contable certificada ISO 9001:2015 en Bogotá/Medellín/Cali; credibilidad real no exhibida, sin prueba social que convierta visitantes.",7
65,GCS Consultores Empresariales,Consultoría empresarial/gerencial,"Calle 90 #11-13, Piso 5, Ed. Urban Plaza, Bogotá",https://consultoresgcs.com,"LOW-CONVERSION WEBSITE — solo suscripción a newsletter, sin testimonios ni casos de éxito",info@consultoresgcs.com,consultoresgcs.com,Consultoría enfocada en NIIF/IFRS con oficina real en edificio clase A de Bogotá; la ruta de conversión es prácticamente inexistente.,7
66,Gil & Roa Abogados,Propiedad intelectual + derecho corporativo/comercial,"Calle 90 #11-13, Piso 5, Bogotá",https://gilroaabogados.com/,"POOR DESIGN — páginas densas de texto, navegación confusa",nelsonroa@gilroaabogados.com,gilroaabogados.com (servicios),"Firma multi-ciudad (Cali + Bogotá) en PI, corporativo e insolvencia para empresas; el sitio saturado esconde credibilidad real.",7
67,Goods y Services Cía.,Avalúos y asesoría inmobiliaria comercial,"Cra. 15 #88-21, Of. 702, Bogotá D.C.",https://goodsyservices.com/compania-avaluos-bogota/,"OUTDATED — descripciones de imágenes sin llenar ('Brand Name : Brand Short Description'), plantilla Elementor genérica, jerarquía visual débil",licitaciones@goodsyservices.com,goodsyservices.com,"Avalúos certificados RICS/IVS para activos institucionales/comerciales — alta dependencia de confianza, mandatos de alto valor.",7
68,HAR Lab (High Athletic Recovery Laboratory),Fisioterapia / rehabilitación deportiva premium,"Cra 66 #67D-64, Bogotá",https://harlab.com.co/,"WEBSITE EXISTS BUT VERY WEAK — secciones de plantilla genérica irrelevantes al negocio (ej. enlaces de 'Dentistas' en el footer), sin testimonios",facturacionhargroup@gmail.com,harlab.com.co,"Se posiciona como laboratorio premium de recuperación atlética (evaluaciones personalizadas, fortalecimiento funcional) — alto valor por cliente, imagen premium opacada por contenido de plantilla sin terminar.",7
69,HyG Abogados,Derecho inmobiliario,"Carrera 16 #93a-36, Of. 803, Chicó Norte, Bogotá",https://hygabogados.com/,"POOR DESIGN — el mapa incrustado muestra Medellín/Londres en vez de la ubicación real, elemento roto/desactualizado",Contacto@hygabogados1.com,hygabogados.com/contacto/,Estudios de títulos y trabajo transaccional inmobiliario de alto valor por transacción; un mapa roto es un defecto concreto y corregible que erosiona confianza.,7
70,Inmobiliaria Roberto Escallon,"Bienes raíces comerciales (oficinas, bodegas, locales)","Av. Cra 9 #126-18, Of. 404, Santa Bárbara Oriental, Bogotá",https://robertoescallon.com/ventas-de-inmueble-bogota/,"OUTDATED — construcción básica Elementor/WordPress, sin estilo premium, galería estándar",inmobiliaria@robertoescallon.com,robertoescallon.com,Corretaje comercial (oficinas/bodegas/locales) — tamaños de negocio y comisiones grandes por transacción.,7
71,Innova Laser Center,"Medicina estética (láser, rejuvenecimiento facial)","Calle 103 #14A-53, Bogotá",https://innovalasercenter.com,"LOW-CONVERSION WEBSITE — sin sistema de reservas en línea, sin sección de testimonios/reseñas",info@innovalasercenter.com,innovalasercenter.com/contacto-especialista-medicina-estetica/,Clínica regulada por INVIMA/Supersalud en láser y rejuvenecimiento facial; tickets altos por tratamiento.,7
72,Jiménez y Jiménez Abogados (H. Jiménez Abogados),Propiedad intelectual,"Carrera 7A #69-65, Of. 301-302, Bogotá",https://www.hjimenezabogados.com/en,"WEBSITE EXISTS BUT VERY WEAK — plantilla Wix genérica, menú de servicios repetitivo, versión en inglés sin contenido",contactenos@hjimenezabogados.com,hjimenezabogados.com/en (home + contacto),Atiende clientes públicos y privados en temas de PI; el sitio tipo plantilla no coincide con la credibilidad que exigen clientes institucionales.,7
73,K-Design,"Diseño de interiores, remodelación, obra gris, domótica",Bogotá,https://k-design.com.co/,POOR DESIGN — plantilla estándar de pequeña empresa; sin identidad visual/de marca fuerte que respalde el posicionamiento 'premium/automatización',comercial@k-design.com.co,k-design.com.co (footer),Ofrece alcance de alto ticket (obra gris estructural + domótica + diseño) — venta crítica en confianza y liderada visualmente.,7
74,La Divina Boda,Planeación de bodas y eventos,"Cl 147 #7g-52, Usaquén, Bogotá",http://www.ladivinaboda.com/,"WEBSITE EXISTS BUT VERY WEAK — la portada solo muestra el contenido placeholder genérico del constructor 'Hostinger Horizons', no el sitio real",info@ladivinaboda.com,"Google Maps (4.8★, 30 reseñas); Facebook (5.245 me gusta); listado Cybo (email confirmado)",Productor de bodas/quinceañeros consolidado con seguimiento local real (5K+ likes en FB) pero un sitio visiblemente roto/sin terminar — eventos de alto valor con embudo débil.,7
75,Marco Martínez Estética (Dr. Marco A. Martínez Belloso),"Medicina estética (botox, láser, facial/corporal)","Carrera 7c #124-52, Piso 2, Bogotá",https://marcomartinezestetica.com/,"WEBSITE EXISTS BUT VERY WEAK — plantilla genérica, sin galería de antes/después, testimonios delgados/duplicados, poco detalle de credenciales",info@marcomartinezestetica.com,marcomartinezestetica.com/contacto,Clientes recurrentes de inyectables/láser en oficina premium del norte de Bogotá; faltan justo las pruebas visuales que impulsan conversión en esta categoría.,7
76,Megapredios,"Remodelación (apartamentos, casas, oficinas) y diseño de interiores","Cra 67 #42-89, Bogotá",https://megapredios.com.co/,"POOR DESIGN — sitio en plantilla Elementor con poca distinción de marca; presentación de portafolio funcional, no premium/aspiracional",info@megapredios.com.co,megapredios.com.co (footer),Maneja remodelación integral + licencias + presupuestos — servicio de alto valor dependiente de confianza para propietarios.,7
77,MiPsiquiatra.com.co (Citas Psiquiatría Bogotá),Psiquiatría privada,"Avenida Calle 127 #21-60, Piso 4, Bogotá D.C.",https://mipsiquiatra.com.co/,"WEBSITE EXISTS BUT VERY WEAK — plantilla genérica de GoDaddy Website Builder, sin identidad de marca, sin testimonios ni sistema real de reservas",contactenos@mipsiquiatra.com.co,mipsiquiatra.com.co,"Atención psiquiátrica privada continua es un servicio de alta confianza, pago directo y recurrente; un sitio genérico tipo DIY subestima la credibilidad en una categoría de investigación exhaustiva.",7
78,Ortodoncia en Bogotá (Dra. Yenny Rojas),Ortodoncia (incl. opciones premium/invisible),"Calle 18 #77-67, Of. 407, Centro Empresarial Meridiano 13 del Este, Fontibón, Bogotá",https://ortodonciaenbogota.com/,"LOW-CONVERSION WEBSITE — plantilla WordPress, fotografía de stock, sección de testimonios sin reseñas reales, sin galería de antes/después",drayennyrojas@gmail.com,ortodonciaenbogota.com,Especialista con 20+ años; tratamientos de ortodoncia (especialmente premium/invisibles) son compromisos multi-anuales de miles de USD donde el paciente investiga mucho antes de comprometerse.,7
79,PRG Tributaristas,Outsourcing tributario y contable,"Calle 100 #19-61, Of. 306, Bogotá",https://www.prgtributaristas.com,"LOW-CONVERSION WEBSITE — sin formularios de captura ni testimonios, depende solo de un widget de WhatsApp",contacto@prgtributaristas.com,prgtributaristas.com,Atiende PYMEs en cumplimiento ante DIAN/Junta Central de Contadores — nicho de alta confianza y recurrente con un sitio que no captura leads fuera del chat.,7
80,Patiño Abogados (PAC),Derecho corporativo/comercial,"Cra 55 #152B-60, Centro Empresarial MAZ Of. 1306, Bogotá",https://www.pac-abg.com/comercial.html,"OUTDATED — estética básica, desarrollo de una era anterior",jose.patino@pac-abg.com,pac-abg.com/comercial.html,"Maneja constitución de empresas, asesoría corporativa y protección al consumidor para negocios; el sitio anticuado limita los leads B2B entrantes.",7
81,Peralta Gómez Automóviles (PG Automóviles),Concesionario de vehículos usados premium/de lujo,"Cra. 64 #100-56, Bogotá",http://www.pgautos.com.co/,OUTDATED — mezcla de patrones de diseño antiguos/nuevos (construcción Slider Revolution envejecida) y depende de una cuenta de Gmail personal en vez de un correo de marca,pgautomoviles@gmail.com,"Google Maps (5.0★, 39 reseñas); sección de testimonios/footer del sitio","Las ventas de vehículos aquí llegan a decenas de miles de USD cada una; los compradores investigan concesionarios en línea primero, y un contacto de Gmail personal resta credibilidad a un showroom real.",7
82,Provisión Seguros,Corretaje de seguros (corporativo + personal),"Carrera 62 #98-12, Bogotá",https://provisionseguros.com.co,"WEBSITE EXISTS BUT VERY WEAK — enlace 'Corporativo' roto, sin WhatsApp, sin testimonios, anticuado frente a competidores tipo fintech",info@provision.com.co,provisionseguros.com.co/nosotros,"30+ años, ~400 asesores, oficina dedicada en Bogotá y línea corporativa; enlace roto y diseño débil perjudican a una operación realmente grande.",7
83,RG Colombia (Realtors Group Colombia),Agencia inmobiliaria (asesoría de venta/arriendo),"Colina Campestre, Bogotá D.C.",https://rgcolombia.com/,"OUTDATED — plantilla estándar de portal inmobiliario, carece de diseño premium/diferenciado",info@rgcolombia.com,rgcolombia.com,Se posiciona en 'asesoría y gestión inmobiliaria' para individuos y empresas — relación de asesoría dependiente de confianza.,7
84,Roberto Collins S.A.S.,Corretaje inmobiliario de lujo,"Centro 93, Cra 15 #93-60, Local 223, Bogotá",https://robertocollins.com/,"WEBSITE EXISTS BUT VERY WEAK — funcional pero genérico, sin distinción visual frente a sitios de listados de gama media pese a '60 años, inmobiliaria exclusiva'",pilar@robertocollins.com,robertocollins.com (home + footer),"Firma de 60 años vendiendo en Chicó/Rosales/Cerros de los Alpes, listados desde $4M hasta $20.000M COP; las comisiones en ventas de lujo son sustanciales.",7
85,SA Bienes Raíces (Sergio Álvarez AB),"Bienes raíces comerciales (oficinas, bodegas)","Calle 146 #7B-80, Bogotá D.C.",https://sergioalvarezab.com/,"OUTDATED — plantilla genérica de portal (WASI.co), sin marca/UX personalizada",comercial@sergioalvarezab.com,sergioalvarezab.com,22 oficinas + 75 espacios en arriendo listados actualmente; venta/arriendo comercial a escala.,7
86,SERDAN,Administración de propiedad horizontal,"Calle 67 #7-35, Torre A, Piso 2, Bogotá",https://www.serdan.com.co/propiedad.html,"OUTDATED — estructura HTML anticuada, sin framework moderno, imágenes básicas",reclamos@serdan.com.co,serdan.com.co,"Atiende clientes institucionales incl. Edificio BBVA — administración de propiedades de nivel empresarial, relaciones de alta confianza.",7
87,SH Medical Skin Center,Medicina estética (medspa/piel),"Calle 106 #23-61, Bogotá",https://shmedicalskincenter.com,"WEBSITE EXISTS BUT VERY WEAK — sin testimonios, sin reservas en línea, agenda solo por WhatsApp",pacientes@shmedicalskincenter.com,shmedicalskincenter.com/contact/,Medspa independiente en corredor premium del norte de Bogotá.,7
88,SLC Abogados (Soluciones Laborales Corporativas),Derecho laboral corporativo,"Calle 31 #13A-51, Torre 2, Of. 234, Ed. Panorama, Bogotá",https://www.slcabogados.co/,"LOW-CONVERSION WEBSITE — mensaje débil, propuesta de valor escondida tras 'Ver Más', sin formulario de contacto visible pese a mostrar 16+ clientes corporativos",laboral@slcabogados.co,slcabogados.co (homepage),Ya atiende 16+ clientes corporativos en cumplimiento laboral — base probada de alto valor sub-convertida por un sitio genérico.,7
89,Sergio Velosa Diseño de Interiores,"Diseño de interiores, muebles a medida, remodelación","Cra 54 #75-61, Bogotá",https://sergiovelosa.com/,"WEBSITE EXISTS BUT VERY WEAK — usa una cuenta de Gmail personal como contacto principal, señal de infraestructura digital débil pese a 20 años de experiencia",sergiovelosadiseno@gmail.com,sergiovelosa.com (footer/mailto),"20+ años, estudio consolidado con showroom físico — alto valor por proyecto, dependiente de credibilidad.",7
90,Soluciones e Ingeniería Industrial SAS,Ingeniería industrial / mantenimiento de plantas,"Cra. 58 #14-14, Puente Aranda, Bogotá",http://solucioneseingenieriaindustrial.com/,OUTDATED — diseño convencional y anticuado; sin testimonios; poco pulido móvil pese a etiqueta de viewport,gerencia@solucioneseingenieriaindustrial.com,"Google Maps (5.0★, 7 reseñas); footer/contacto del sitio",Los contratos B2B de mantenimiento industrial son de alto valor y se ganan por credibilidad técnica — un sitio anticuado subestima una operación de ingeniería real ante compradores corporativos.,7
91,Svelthus – Clínica de Rejuvenecimiento Facial y Corporal,"Medicina estética (rejuvenecimiento, láser)","Calle 116 #71A-78, Pontevedra, Bogotá",https://www.svelthus.com/,"WEBSITE EXISTS BUT VERY WEAK — sin galería de antes/después, sin testimonios, sin nombres/credenciales de doctores, imágenes placeholder",elpip82@hotmail.com,svelthus.com; co.establecimientosdesalud.info (listado oficial IPS),"Clínica establecida de rejuvenecimiento con clientes recurrentes de alto valor, pero ausencia total de un médico nombrado es una brecha crítica de credibilidad.",7
92,VERA Asesores Financieros,Asesoría financiera y contable,"Calle 70A #11-43, Bogotá",https://veraasesoresfinancieros.com,"WEBSITE EXISTS BUT VERY WEAK — diseño desactualizado frente a sitios financieros modernos, sin testimonios ni formulario de captura",info@veraasesoresfinancieros.com,veraasesoresfinancieros.com,Asesoría financiera y tributaria junto a firma de abogados hermana (Vera Abogados); relación recurrente con clientes reales de Bogotá pero un sitio que no genera confianza previa al contacto.,7
93,Zume Arquitectura,"Arquitectura corporativa/comercial, diseño y construcción (incl. Horeca)","Cra 15 #104-30, Bogotá",https://www.zumearquitectura.com/,"WEBSITE EXISTS BUT VERY WEAK — el sitio bloquea completamente el acceso automatizado/robots (mala higiene técnica de SEO), sugiriendo un sitio poco mantenido",info@zumearquitectura.com,somosacai.org/home/zume-arquitectura/ (directorio independiente confirma email/dirección),"Fundada en 2008, atiende clientes corporativos/comerciales/hoteleros — alto valor por contrato, venta dependiente de credibilidad.",7
94,Barrera Abogados,"Derecho aduanero, zonas francas, comercio exterior","Carrera 22 Nº 15, Bogotá",https://www.barreraabogados.com.co/,"Formulario de contacto sin campos funcionales, navegación del menú duplicada tres veces, placeholders de imagen vacíos, sin sección de testimonios",obarrera@barreraabogados.com.co,https://www.barreraabogados.com.co/ (visitado vía WebFetch),Estructuración de operaciones de importación/exportación y beneficios de zona franca para empresas — contratos de alto valor,8
95,Gómez & Gómez Abogados en Impuestos,"Derecho tributario, defensa DIAN/UGPP, cambiario","Av. Calle 26 No. 69-76, Edificio Elemento Torre 3, Of. 1501, Bogotá",https://abogadosenimpuestos.com/,"Sitio con última actualización visible de febrero 2022 (contenido desactualizado), ausencia total de testimonios o casos de éxito",info@abogadosenimpuestos.com,https://abogadosenimpuestos.com/ (visitado vía WebFetch),Defensa fiscal/UGPP y planeación tributaria para empresas — honorarios de alto valor por caso,7
96,Delgado Franco Legal,"Derecho de seguros (consultoría a aseguradoras), inmobiliario, empresarial","Calle 104a #19a-70, Edificio de Castello, Bogotá",https://delgadofrancolegal.com/,"Formulario de contacto que solo solicita email (sin campos completos), secciones y menú duplicados/redundantes, sin testimonios de clientes",informacion@delgadofrancolegal.com,https://delgadofrancolegal.com/servicios-en-seguros (visitado vía WebFetch),Consultoría a aseguradoras en reclamaciones + transacciones inmobiliarias empresariales — alto valor por contrato,7
97,Navarro Torres Abogados,"Propiedad horizontal (cobro de cartera, reglamentos, recepción de áreas comunes)","Av. Carrera 15 # 124-65, Ed. Corpocentros, Of. 705, Bogotá",https://www.navarrotorresabogados.com/,"Diseño visual básico y desactualizado, sin formulario de contacto funcional en la página, sin sección de testimonios",contacto@navarrotorresabogados.com,https://www.navarrotorresabogados.com/propiedad-horizontal (visitado vía WebFetch),Asesoría legal permanente y cobro judicial de cartera para copropiedades/conjuntos de alto valor — contratos institucionales recurrentes,8
98,Abogados de Familia Colombia,"Derecho de familia y sucesiones de alto patrimonio (divorcios, herencias, adopciones, casos internacionales)","Cra. 10 #97A-13, Bogotá",https://abogadosdefamiliacolombia.com/,El correo de contacto principal listado es un Gmail personal en lugar de un dominio propio de la firma; sin formulario de contacto tradicional (solo WhatsApp),derechodefamilias@gmail.com,https://abogadosdefamiliacolombia.com/ (visitado vía WebFetch),"División de patrimonio, sucesiones y casos familiares internacionales de alto valor",8
99,BMLegal Immigration,"Derecho migratorio corporativo (visas de inversionista, negocios, residencia EE.UU./Colombia)","Carrera 7 # 71-21, Oficina 509, Edificio Avenida Chile, Bogotá",https://www.bmlegalinmigracion.com/en,Sitio construido en plataforma Wix con diseño visual anticuado; el dominio del correo de contacto (bmlegal.co) no coincide con el dominio del sitio web (bmlegalinmigracion.com),info@bmlegal.co,https://www.bmlegalinmigracion.com/en (visitado vía WebFetch),Visas de inversionista y negocios para clientes corporativos — trámites de alto valor,7
100,Dr. Germán Fabián Godoy Pérez — Urología,"Urología especializada (oncológica, robótica) particular","Calle 134 # 7B-83, Consultorio 1023, Edificio El Bosque, Usaquén, Bogotá",https://www.drfabiangodoy.com/,"El contacto principal publicado para agendar es un correo personal de Hotmail (no un correo con el dominio propio del sitio), a pesar de un perfil de especialista de alto nivel con afiliaciones AUA/EAU",fabiangodoyurologia@hotmail.com,https://www.drfabiangodoy.com/ (visitado vía WebFetch),"Urología oncológica y robótica particular con afiliaciones a seguros premium — consultas y procedimientos de alto valor, pago directo",8
101,Dra. Carolina Gil — Cirugía Maxilofacial,Cirugía oral y maxilofacial (ortognática) particular,"Edificio Centrum 125, Cra. 21a #124-55, Consultorio 202, Bogotá",https://carolinagilmaxilofacial.com/,"El correo de contacto publicado es una cuenta personal de Gmail, y pese a tener una sección 'Antes y Después', el sitio no presenta ningún testimonio real de pacientes",drcarolinagilmaxilofacial@gmail.com,https://carolinagilmaxilofacial.com/cirugia-maxilofacial/ (visitado vía WebFetch),"Cirugía ortognática mínimamente invasiva, dos sedes en Bogotá — procedimiento quirúrgico especializado de alto valor",8
102,Estación Dental,"Odontología (implantes, ortodoncia, endodoncia) premium","Cra. 47a #114-19, Barrio Alhambra, Bogotá",https://www.estaciondental.com/,"El correo de contacto publicado es una cuenta personal de Hotmail (no un correo con el dominio propio del sitio), pese a operar como clínica establecida con servicios de implantes",estaciondental@hotmail.com,https://www.estaciondental.com/ (visitado vía WebFetch),"Implantes dentales, ortodoncia y endodoncia — procedimientos de alto ticket con pago particular",7
103,Bessoli (Dermaline),"Medicina estética láser (corporal, facial, ginecología estética)","Carrera 18 # 80-32, Consultorio 408, Bogotá",https://www.bessoli.com/,"Múltiples imágenes rotas en el sitio confirmadas en dos visitas, además de una inconsistencia de marca: el único correo de contacto usa un dominio distinto (dermaline.co) al del sitio principal (bessoli.com)",contacto@dermaline.co,https://www.bessoli.com/ y https://www.bessoli.com/clinica-estetica-laser (visitadas vía WebFetch),Tratamientos láser estéticos corporales/faciales y ginecología estética — procedimientos recurrentes de alto ticket,7
104,Omar Plazas (Diseño de Interiores),"Diseño de interiores residencial, cocinas integrales, decoración y remodelaciones","Carrera 65 #22A-43, Bogotá",https://omarplazas.com/,"Construido con plugin de plantilla WordPress antigua, tipografías genéricas, sin botón de WhatsApp visible ni formulario de contacto en la portada; solo un botón de llamada telefónica",info@omarplazas.com,https://omarplazas.com/ (visitado vía WebFetch),18+ años de trayectoria declarados en el sitio; cocinas integrales de gama alta y remodelaciones — proyectos residenciales de valor alto,7
105,Fernando García (Atelier),Diseño de interiores residencial de lujo + mobiliario personalizado,"Calle 109 #17A-25, Bogotá",https://fernandogarcia.com.co/,"El único canal de contacto (portada y página /contacto) es una cuenta de Gmail personal, en vez de un correo del propio dominio, pese a posicionarse como atelier de lujo con showroom",Fernandogarcia.atelier@gmail.com,https://fernandogarcia.com.co/contacto (visitado vía WebFetch),"Posicionamiento explícito de 'lujo', showroom físico con horario de atención, mobiliario a medida — proyectos de alto valor por cliente",7
106,Remodelaciones Bogotá,"Remodelación integral de casas, apartamentos, fachadas, baños y cocinas","Carrera 109A #152F-15, Bogotá",https://www.remodelacionesbogota.com.co/,"Diseño genérico y desactualizado, estructura/navegación básica, sin elementos visuales modernos para los estándares actuales",info@remodelacionesbogota.com.co,https://www.remodelacionesbogota.com.co/ (visitado vía WebFetch),Más de 17 años de experiencia y garantía por escrito; remodelación integral de alto ticket,7
107,Bon Habitat S.A.S.,Corretaje inmobiliario (venta y arriendo residencial/comercial de alto valor),"Cra 13A # 89 - 38, Oficina 513, Bogotá",https://bonhabitat.com.co/,"El contacto de correo principal es una cuenta Gmail personal, no un correo de su propio dominio, pese a operar decenas de inmuebles activos publicados en varios portales",bonhabitatsas@gmail.com,"https://bonhabitat.com.co/ (sección Ubicación y Contacto, visitado vía WebFetch) + fincaraiz.com.co/inmobiliarias/bon-habitat-sas/174739585",Inmobiliaria S.A.S. registrada con volumen real (88 listados activos multi-portal) — comisiones de alto valor por transacción,7
108,Inmobiliaria Bogotá S.A.S.,"Corretaje inmobiliario, arrendamientos, ventas y avalúos","Carrera 13 No. 28 - 01, Piso 2, Bogotá",https://www.inmobiliariabogota.com/,"El sitio devuelve error de servidor 500 de forma consistente, confirmado en 4 intentos distintos — el sitio está efectivamente caído para cualquier visitante",servicioalcliente@inmobiliariabogota.com,https://inmobiliariabogota.com/wp-content/uploads/2020/03/politica_tratamiento_datos_bogota.pdf (email/dirección citados); fallo confirmado en https://www.inmobiliariabogota.com/,"Empresa constituida dedicada a arrendamientos, ventas y avalúos en Bogotá — categoría de alto ticket",8
109,"Lonja de Propiedad Raíz, Peritazgos y Avalúos D.C.",Avalúos certificados / peritazgos inmobiliarios,"Cra 26A No. 62-11, Of. 103, Bogotá",https://lonjadepropiedadraiz.com.co/web/,Sección 'Formación en Avalúos' muestra el texto 'PÁGINA EN ACTUALIZACIÓN'; no hay WhatsApp visible en ningún canal; sin testimonios ni casos de clientes,lonja@lonjadepropiedadraiz.com,"https://lonjadepropiedadraiz.com.co/web/ (visitado vía WebFetch, dos veces)",Firma certificada de peritazgos y avalúos — comisión/honorario alto por avalúo comercial/hipotecario/judicial,7
110,Mundo Hábitat,Avalúos certificados y corretaje inmobiliario (venta/arriendo),"Calle 151g # 117-20, Bogotá",https://mundohabitat.com/,"El botón 'OFERTAR' (para ofertar un inmueble) tiene un enlace vacío/roto; no hay testimonios de clientes; diseño con elementos mixtos, varios desactualizados",info@mundohabitat.com,https://mundohabitat.com/ (visitado vía WebFetch),"Empresa afiliada a Lonja y registrada en el R.A.A. — avalúos y venta/arriendo de inmuebles, servicios de comisión/honorario alto",7
111,FAD Interventoría y Construcción SAS,Ingeniería civil — gerencia de obra e interventoría técnica,"Carrera 18 B # 116-16, Of. 311, Bogotá",https://www.fadinterventoriayconstruccionsas.com/,El correo de contacto en la página de contacto es una cuenta personal de Gmail en vez de dominio propio; sin testimonios ni casos de clientes visibles pese a atender proyectos institucionales,felipeayad@gmail.com,https://www.fadinterventoriayconstruccionsas.com/contacto (visitado vía WebFetch),Gerencia de obra e interventoría de proyectos institucionales/comerciales de alto valor — contratos multianuales,7
112,Ingeniería de Bombas y Plantas SAS,"Ingeniería industrial — mantenimiento de plantas (motobombas, plantas eléctricas)","Carrera 58 # 90-43, Bogotá",https://expertos-ingenieros.ueniweb.com/,Opera sobre un subdominio gratuito del constructor Ueniweb en vez de dominio propio; contacto principal es Hotmail personal; sin WhatsApp visible,ingebombas@hotmail.com,https://expertos-ingenieros.ueniweb.com/#contact_us (visitado vía WebFetch),Mantenimiento industrial 24h para clientes corporativos en Bogotá/Cundinamarca — servicio técnico recurrente de valor alto,7
113,Pérez Lara Cía Ltda,"Correduría de seguros corporativos (ARL, cumplimiento, RC, pyme)","Calle 63A # 19A-28, Bogotá",https://perezlara.com/,"Pese a 38 años de trayectoria y alianza con 17+ aseguradoras, el sitio no muestra ningún testimonio ni caso de cliente empresarial",mercadeo@perezlara.com,https://perezlara.com/contacto (visitado vía WebFetch),Corredor de seguros de 38 años que intermedia pólizas empresariales — contratos corporativos recurrentes de prima alta,8
114,Caltermica Ingenieros SAS,"Ingeniería industrial — diseño, fabricación y mantenimiento de calderas industriales","Calle 15 # 53-28, Bogotá",https://www.caltermicaingenieros.com/,"Empresa de 22 años con clientes industriales grandes, pero los 3 correos de contacto listados son todos Hotmail/Gmail personales, ninguno en su propio dominio; sin testimonios",caltermicaingenieros@gmail.com,https://www.caltermicaingenieros.com/ (visitado vía WebFetch),Diseño/fabricación/mantenimiento de calderas de vapor y aceite térmico para plantas industriales — contratos de alto valor,8
115,Servimatec S.A.S.,"Ingeniería industrial — fabricación, montaje y mantenimiento de maquinaria de refrigeración/climatización","Carrera 66A # 9A-64, Salazar Gómez, Bogotá",https://www.servimatec.com/,"La galería de proyectos tiene imágenes y botones rotos y bloques con títulos de contenido de plantilla sin relación al negocio ('Perfil urbano', 'Revista de moda'); sin testimonios",gerenciaoperativa@servimatec.com,https://www.servimatec.com/ (visitado vía WebFetch),"Fabricación, mantenimiento y montaje de equipos de refrigeración/climatización industrial — contratos de alto valor",7
116,SIPH Ltda,Administración de propiedad horizontal,"Dg. 15B #104-45, Ofic. 62, Bogotá",https://www.siphltda.com/index.html,"Plantilla anticuada con texto placeholder sin reemplazar ('Map goes here' donde debería estar el mapa embebido), sin testimonios, contacto vía Gmail en vez de dominio propio",siphltda@gmail.com,https://www.siphltda.com/index.html (visitado vía WebFetch),"Administra copropiedades/edificios institucionales: contabilidad, cartera, portería — contrato recurrente de alto valor",8
117,Dra. Vanessa Vera Suárez (Odontología),Odontología especializada / ortodoncia,"Av. Calle 127 #19A-44, Consultorio 412, Bogotá",https://draverasuarez.wixsite.com/odonto-vanessa-vera,Subdominio gratuito de Wix con banner del constructor visible; íconos de redes sociales enlazan a cuentas genéricas de Wix en vez de perfiles reales; sin testimonios,dra.verasuarez@gmail.com,https://draverasuarez.wixsite.com/odonto-vanessa-vera (visitado vía WebFetch),"Implantes dentales, ortodoncia y endodoncia — tratamientos y planes de alto ticket",7
118,Aquafisios Move,Fisioterapia especializada (acuática y manual),"Calle 135A #9B-41, Usaquén-Lisboa, Bogotá",https://aquafisiosmove.wixsite.com/website,Subdominio gratuito de Wix con banner de constructor visible; secciones de servicios duplicadas/repetidas en la misma página; sin testimonios; contacto vía Gmail,aquafisiosmove@gmail.com,https://aquafisiosmove.wixsite.com/website (visitado vía WebFetch),"Fisioterapia acuática y manual especializada con sesiones individuales de 50-60 min — servicio de nicho, alto ticket por sesión",7
119,Gestión Inmobiliaria HK S.A.S.,Administración de propiedad horizontal,"Av. Cra 15 #119-11, Oficina 234, Bogotá",https://www.gestioninmobiliariahk.com/,Enlace de navegación roto/mal formado en 'NUESTROS CLIENTES'; contacto principal vía Hotmail en vez de dominio propio; sin testimonios ni casos de éxito,gestionhk@hotmail.com,https://www.gestioninmobiliariahk.com/ (visitado vía WebFetch),"Administra propiedad horizontal institucional: mantenimiento, fondo de imprevistos, asesoría jurídica, nómina — contratos recurrentes de alto valor",8
120,Ortodoncista Bogotá — Dra. María Liliana Hurtado Díaz,Ortodoncia especializada,"Calle 86A #13A-09, Consultorio 204, Bogotá",https://ortodoncistabogota.com/,"Diseño con estándares de mediados de 2010, contacto vía Gmail en vez de dominio propio, error tipográfico visible en el tagline ('Siemrpe' en vez de 'Siempre'), sin testimonios/reseñas",ortodoncistabogota@gmail.com,https://ortodoncistabogota.com/ (visitado vía WebFetch),"Ortodoncista con formación en Universidad de Buenos Aires; brackets invisibles, ATM — tratamientos de alto ticket",8
121,Analistas Financieros y Asesoría,Consultoría financiera,"Calle 47A, Casa 27A-09, Belalcázar, Bogotá",https://analistas-financieros-asesores.ueniweb.com,"la página está construida sobre una plantilla genérica del builder UENI, con secciones estándar sin personalizar y una descripción tipo boilerplate",analistasfinancieros2021@gmail.com,Sección de contacto de su página propia en UENI,"Servicio de asesoría financiera a medida, de ticket alto, sin presencia digital propia que respalde su credibilidad",7
122,ASERFINANZAS,Contabilidad y tributario,"Cra. 4 #18-50, Of. 502, Torre A, Ed. Procoil, Las Nieves, Bogotá",(sitio Wix sin dominio propio indexado),"la plantilla Wix tiene varios enlaces de navegación que llevan a '#' sin destino, y el contacto principal es una cuenta de Gmail personal en vez de un correo con dominio propio",aserfinanzas013@gmail.com,Footer/contacto del sitio propio,Firma contable/tributaria con oficina física en el centro de Bogotá — servicio recurrente de alto valor para pymes,8
123,CN Contadores,Contabilidad y tributario,"Cr 70C #80-48 Local 71, Bogotá",https://cn-contadores.ueniweb.com,el menú de navegación aparece duplicado en la página y el contacto principal es una cuenta de Yahoo personal en vez de un dominio propio,noel_cncontadores@yahoo.com.co,Sección de contacto del listado propio en UENI,Servicio contable/tributario especializado sin un sitio propio que respalde su experiencia,7
124,AYC Contadores SAS,Contabilidad y tributario,"Calle 94A #13-34, Of. 107, Bogotá",https://ayccontadoressas.com.co,no hay un formulario de contacto en el sitio (solo un botón de WhatsApp) y el ícono de LinkedIn del footer en realidad enlaza a Facebook,info@ayccontadoressas.com.co,mailto: en el footer del sitio propio,Firma constituida (SAS) con oficina propia — servicio tributario/contable recurrente de alto valor para empresas,7
125,López y López Abogados,Derecho laboral,"Calle 39B Bis Sur #79F-60, Carvajal, Bogotá",https://lopezmoralesabogados.com,varias imágenes del sitio no cargan (placeholders rotos) y aparecen tres números de teléfono distintos sin indicar cuál es el principal,info@lopezmoralesabogados.com,mailto: en el footer del sitio propio,"Firma de derecho laboral con litigios de alto valor para empresas, sin un sitio que refleje su nivel de especialización",7
126,JO Asesores de Seguros & Cía Ltda,Seguros corporativos,"Calle 11 Sur #31-39, Of. 212, C.C. Ciudad Montes, Bogotá",https://joasesores.com.co,"varias categorías del portafolio de seguros muestran 'Próximamente' en vez de contenido activo, y la sección de testimonios aparece duplicada dos veces en la misma página",comercial@joasesores.com.co,mailto: en la página de contacto del sitio propio,Corredor de seguros constituido (Ltda) con oficina física — las pólizas corporativas son transacciones de alto valor,8
127,Fareg Agencia de Seguros Ltda,Seguros corporativos,"Calle 49 #17-42, Of. 503, Bogotá",https://faregltda.com,"el formulario de contacto depende de JavaScript para funcionar y muestra un aviso cuando no carga, y el footer lista números de teléfono distintos a los de la página de contacto principal",servicioalcliente@faregltda.com,mailto: en la página de contacto del sitio propio,Agencia de seguros constituida (Ltda) — pólizas empresariales de alto ticket,7
128,Llanos & Asociados (Herencias y Sucesiones),Derecho de familia y sucesiones,"Kr 37 #24-30, Centro de Negocios, Bogotá",https://herenciasysucesiones.com.co,el enlace de contacto por correo está mal formado en el código del sitio (el dominio aparece duplicado dentro de la misma dirección),contacto@herenciasysucesiones.com.co,mailto: (malformado) visible en el código fuente del sitio propio,Procesos sucesorales y de herencias de alto valor y recurrentes para clientes de patrimonio medio-alto,8
129,CABA Abogados,Derecho de familia,"Calle 90 #18-53, Of. 405, Ed. Prestigio 90, Bogotá",https://cabaabogados.com.co,en la página del servicio de 'Sucesiones' el encabezado del formulario de contacto muestra contenido de otra página (sobre cuota alimentaria) insertado por error,administracion@cabaabogados.com.co,mailto: en el footer del sitio propio,Firma de derecho de familia con oficina propia en zona comercial de Bogotá — casos de alto valor,7
130,Contadores Asociados J&G,Contabilidad y tributario,"Cra 115 #153-80, Int. 5, Of. 504, Bogotá",https://contadoresasociadosjg.com,el sitio sigue mostrando referencias prominentes a la declaración de renta del año 2022 y algunos enlaces internos no llevan a ningún destino,contacto@contadoresasociadosjg.com,mailto: en el footer del sitio propio,Firma con dos socios fundadores identificados — la revisoría fiscal es un servicio recurrente de alto ticket,8
131,Duque Ortiz Abogados,"Derecho civil, laboral y penal","Carrera 13 #13-24, Of. 825, Ed. Lara, Bogotá",https://abogadosdo.com,"el pie de página muestra un contador de visitas que se ve roto (marca solo '1' visita), y no hay ningún testimonio o caso de éxito mostrado en el sitio",atencionalcliente@abogadosdo.com,mailto: en la sección de contacto del sitio propio,Firma multipráctica con oficina céntrica en Bogotá — litigios civiles/penales/administrativos de alto valor,7
132,Oftalmólogos en Bogotá,Oftalmología privada,"Cra 19A #82-85, Cons. 508-619, Country Medical Center, Bogotá",https://oftalmologosenbogota.com,"el sitio todavía muestra texto de plantilla sin reemplazar en varias secciones, y el footer tiene un error tipográfico visible ('Toos los Derechos')",info@oftalmologosenbogota.com,Header y footer del sitio propio,Consulta y cirugía oftalmológica privada de pago directo con dos especialistas nombrados — procedimientos de alto valor,8
133,Urólogo Bogotá — Dr. David Darío Grateron Palacios,Urología particular,"Carrera 18 #80-06, Ed. Habitat Medical, Piso 5, Of. 503, Bogotá",https://urologobogota.co,"los íconos de redes sociales del sitio enlazan a perfiles genéricos de la plantilla en vez de las cuentas reales de la práctica, y no hay ninguna sección de testimonios de pacientes",urologobogota.co@gmail.com,"Header, footer y sección de contacto del sitio propio",Consulta particular de urología con procedimientos especializados de pago directo,7
134,A Cinco Ltda,Administración de propiedad horizontal,"Calle 140 #10A-48, Of. 307, Bogotá",https://acinco.net,"docenas de imágenes a lo largo del sitio no cargan (aparecen como espacios en blanco), y no hay ninguna sección de testimonios de clientes",servicioalcliente@acinco.net,Footer del sitio propio,Gerencia de propiedad horizontal institucional — contrato de administración recurrente de alto valor,8
135,BICAM (Grupo Bicam S.A.S.),Administración de propiedad horizontal,"Carrera 14 #75-77, Of. 408, Bogotá",https://grupobicam.com,"el sitio usa un carrusel con imágenes genéricas de plantilla, sin ninguna sección de testimonios de clientes",contactogerencia@bicam.com.co,Header/footer/contacto del sitio propio,Administra propiedad horizontal institucional — contratos recurrentes de administración de alto valor,7
136,PRO PH S.A.S,Administración de propiedad horizontal,"Carrera 56 #167C-74, Of. 603, Bogotá",https://proph.com.co,"la estética del sitio corresponde a un diseño de mediados de la década pasada, sin ninguna sección de testimonios de clientes",comercial@proph.com.co,mailto: en la sección de contacto del sitio propio,Administración de PH institucional dirigida por gerente identificada — contrato recurrente de alto valor,7
137,CEFIES (Fisioterapia Especializada),Fisioterapia especializada,"Calle 41C Sur #79F-21, Kennedy, Bogotá",https://fisioterapiacefies.com,la sección de servicios repite cuatro veces el mismo texto de plantilla sin reemplazar ('Image Box text'),Fisioterapia.cefies@gmail.com,mailto: en el footer del sitio propio,Fisioterapia especializada con sesiones/planes recurrentes de alto valor,7
138,Fisio Bogotá,"Fisioterapia (personalizada, presoterapia)","Calle 98 #15-17, Cons. 204, Ed. Manhattan Center, El Chicó, Bogotá",https://fisiobogota.com,el mismo servicio aparece con dos precios distintos publicados en dos secciones diferentes de la misma página,fisiobogota1@gmail.com,Sección de contacto del encabezado del sitio propio,Fisioterapia de sesiones recurrentes de alto valor,6
139,DCM Arquitectos,"Arquitectura (diseño, licencias, construcción industrial)",Bogotá D.C.,https://nadyaalzate.wixsite.com/dcmarquitectos,"el sitio está construido sobre un subdominio gratuito de Wix, con una estética de aspecto de hace más de una década, sin ninguna sección de testimonios de clientes",arquitectosdcm@gmail.com,Footer/contacto del sitio propio,"Firma con 36 años de trayectoria declarada, especializada en estructuras industriales — diseño y construcción integral de alto valor",7
140,Constructora Bogotá,Construcción y remodelación integral,"Cra 28 #34-15, Bogotá",https://constructorabogota.com,"el botón de contacto principal ('Haz clic aquí') no lleva a ningún destino funcional, y no hay ninguna sección de testimonios de clientes",constructorabogota@gmail.com,Footer del sitio propio,Constructora con línea dedicada de remodelaciones/adecuaciones integrales — obras de alto valor,7
141,Innovar Reparaciones y Construcciones SAS,"Construcción, obra civil, reformas locativas","Dg. 82g #72b16-72 c17, Bogotá",https://reparacionesyconstrucciones.com,"la estética del sitio corresponde a un diseño de mediados de la década pasada, sin ninguna sección de testimonios de clientes pese a tener una galería de proyectos real",asesoria.innovar@gmail.com,Página de contacto del sitio propio,Empresa SAS constituida — obra civil y reformas locativas de alto valor para clientes de Bogotá,7
142,Construcciones y Diseños AL SAS,Construcción y remodelación integral,"Calle 60 Sur 71-50, Bogotá",https://construcciones-y-disenos-al-sas.ueniweb.com,"el sitio está alojado en un subdominio gratuito del builder UENI, sin testimonios ni portafolio detallado de proyectos",Al.construcciones23@gmail.com,Sitio propio en UENI,SAS constituida con cobertura nacional en construcción/remodelación — proyectos de obra de alto valor,7
143,Construcciones JL Molano SAS,"Construcción, remodelación, instalaciones eléctricas","Calle 81 Sur 80 L 20, Bogotá",https://construcciones-jj-molano-sas.ueniweb.com,"el sitio está alojado en un subdominio gratuito del builder UENI, sin portafolio visual ni testimonios de clientes",almoos2903@hotmail.com,Sitio propio en UENI,SAS constituida con alcance multi-servicio en Bogotá/Cundinamarca/Boyacá — contratos de obra de alto valor,7
144,El Sitio Industrial Inmobiliaria SAS,Finca raíz industrial/comercial,Bogotá D.C.,https://elsitioindustrial.com,"el sitio no menciona ningún nombre de responsable o gerente, y no hay ninguna sección de testimonios de clientes pese al volumen real de inventario listado",gerencia@elsitioindustrial.com,Footer del sitio propio,"67 bodegas en venta y 78 en arriendo, transacciones de gran valor en parques industriales de Bogotá",8
145,Inmobiliaria Home Ltda,"Finca raíz (compra, arrendamiento, venta)","Calle 126 #45A-59, Bogotá",https://inmobiliaria-home-ltda.ueniweb.com,"el sitio está alojado en un subdominio gratuito del builder UENI, sin galería de propiedades ni testimonios de clientes",omendoza1942@hotmail.com,Sitio propio en UENI,Ltda constituida operando en compra/venta/arriendo — comisiones inmobiliarias de alto valor,7
146,Pidelta Fabricaciones y Montajes SAS,Ingeniería industrial — montajes industriales,"Calle 7 #87B-90, Bogotá",https://pidelta-fabricaciones-y-montajes-sas.ueniweb.com,"el sitio está alojado en un subdominio gratuito del builder UENI, sin testimonios ni galería de proyectos",jaime-gomez-2007@hotmail.com,Sitio propio en UENI,SAS especializada en montajes industriales para planta de alimentos — contratos técnicos de alto valor,7
147,CYE Ingeniería Metalmecánica SAS,Ingeniería industrial — metalmecánica,"Calle 9 #32-61, Bogotá",https://cye-ingenieria-metalmecanica-sas.ueniweb.com,"el sitio está alojado en un subdominio gratuito del builder UENI, sin portafolio visual ni testimonios de clientes",dairocespedes2010@gmail.com,Sitio propio en UENI,SAS de metalmecánica industrial en Bogotá — contratos B2B recurrentes ganados por credibilidad técnica,7
148,Melo & Lozano Abogados,"Derecho laboral, pensional y administrativo","Calle 52 # 72-20 Oficina 1A, Normandía, Bogotá D.C.",https://mlabogados.wixsite.com/melolozanoabogados,"Sitio alojado en subdominio gratuito de Wix (sin dominio propio), plantilla genérica sin personalizar, sin sección de testimonios/casos reales y sin WhatsApp visible (solo botón de 'agendar consulta').",ml.abogados@outlook.com,Enlace mailto: clicable en el código fuente del sitio propio,"Firma especializada en derecho laboral/pensional que atiende empresas y personas naturales en procesos de alto valor (litigios, pensiones, notariales); sin presencia web propia que respalde su credibilidad.",7
149,Hoyos y Medina Lawyers,"Derecho civil, penal y familia","Carrera 57 #4B, Bogotá, Colombia",https://rubenhoyosabogado.wixsite.com/hoyosymedinalawyers,"Plantilla genérica de Wix con fotografías de stock y una sección de testimonios que aún muestra el texto de relleno sin reemplazar ('Esta es su cita testimonial'), señal de sitio abandonado a medio construir.",Hoyosmedinalawyers@gmail.com,Enlace mailto: clicable en el sitio propio,"Despacho multipráctica (civil, penal, familia) con oficina física propia en Bogotá; el sitio a medio terminar transmite poca confianza para captar casos de mayor valor.",6
150,Eusebio Antonio Ramírez Hernández - Abogado,"Derecho civil, comercial, liquidaciones y documentos legales","Diagonal 115 #45-56, Edificio San Sebastián De La Alhambra II, Bogotá D.C.",https://eusebio-antonio-ramirez-hernandez-abogado.ueniweb.com/,Página construida sobre plantilla genérica de directorio (UENI) con secciones formularias tipo listado de negocios; solo una reseña visible y sin contenido sustancial.,eusebioantonior26@gmail.com,Correo de contacto directo publicado en el sitio propio (UENI),"Abogado con oficina física registrada en Bogotá que ofrece servicios jurídicos recurrentes de valor medio-alto (liquidaciones societarias, demandas); sin evidencia social.",6
151,Arcadia Abogados,"Derecho civil, comercial, público, laboral y constitucional","Bogotá, Colombia",https://arcadiaabogados.wixsite.com/arcadia,"Plantilla genérica de Wix sin personalizar, sin sección de testimonios y sin dirección física publicada pese a mostrar logos de clientes.",arcadiaabogados@gmail.com,Enlace mailto: clicable en el sitio propio,"Firma multidisciplinaria que atiende litigios civiles/comerciales/laborales con cartera de clientes corporativos visible en el sitio, pero sin un sitio que comunique ese nivel.",6
152,T&O Soluciones Legales,"Derecho laboral, familia, civil y responsabilidad civil","Carrera 112 Bis # 80A-16, Bogotá D.C.",https://tyosolucioneslegal.wixsite.com/website,"Plantilla genérica de Wix dominada por fotografía de stock, sin testimonios ni casos reales, y sin número de teléfono fijo visible (solo WhatsApp).",tyosolucioneslegales@gmail.com,Enlace mailto: y texto plano coincidente en el sitio propio,"Firma que atiende empresas y personas en materia laboral y de responsabilidad civil, con oficina física en Bogotá, pero sin presencia digital que respalde clientes corporativos.",6
153,LAM Soluciones Jurídicas,"Derecho penal, civil, administrativo y familia",Bogotá D.C.,https://lam-solucionesjuridicas.ueniweb.com/,"Plantilla genérica de directorio (UENI, 'Powered by UENI' visible en el pie), sin testimonios ni dirección exacta de oficina publicada.",arevalolui@hotmail.com,Correo de contacto publicado en el sitio propio,"Despacho que ofrece asesoría penal/civil/administrativa con disponibilidad 24h, apuntando a un volumen de clientes que su sitio genérico no está capturando bien.",6
154,Luis Alberto Barrios y Abogados Colombia,"Derecho penal, civil, laboral, administrativo, comercial y disciplinario","Carrera 7 # 18-24, Piso 33, Bogotá D.C.",https://luis-alberto-barrios-y-abogados-colombia.ueniweb.com/,Plantilla genérica de directorio (UENI) sin dominio propio; solo 2 reseñas de Google con fecha de 2020 y sin contenido sustancial visible.,abogadoalbertobarrios@gmail.com,Enlace mailto: en el sitio propio (UENI),"Firma con oficina en torre de oficinas del centro de Bogotá que atiende múltiples ramas del derecho para clientes corporativos y particulares, con reseñas estancadas desde 2020.",7
155,J&M Abogados,"Derecho civil, familia, laboral, penal, administrativo, minero y tributario","Carrera 10 # 20-19 Oficina 613-613A, Edificio Saraga, Bogotá D.C.",https://solucionesjuridica0.wixsite.com/misitio-1,"Plantilla genérica de Wix con estética anticuada, sin testimonios, sin WhatsApp visible y sin nombres de socios en el contenido.",solucionesjuridicas.sa@hotmail.com,Enlace mailto: en el sitio propio,"Firma multipráctica con oficina física en edificio del centro de Bogotá que cubre áreas de alto valor (minero, tributario, internacional) sin un sitio que lo comunique.",6
156,Salgado y Vega Contador,"Consultoría contable, tributaria y financiera","Bogotá, Colombia",https://salgadoyvegacontador.com/,"Pese a tener dominio propio, el contacto principal es un correo Gmail personal en lugar de un correo corporativo; sin formulario de contacto tradicional (todo dirige a WhatsApp) y sin testimonios de clientes.",salgadoyvegacontador@gmail.com,Correo publicado en el pie del sitio propio,"Firma contable que ofrece revisoría fiscal y consultoría financiera integral a empresas, servicio recurrente de alto valor, con marca propia pero contacto de correo personal sin profesionalizar.",7
157,David Contador (Diego David Martín),"Contabilidad, tributario, financiero y SARLAFT","Calle 148 # 98-40, Bogotá",https://www.david-contador.com/,Plantilla Wix básica y desactualizada pese a tener dominio propio; contacto principal es Gmail personal en vez de correo del dominio; sin testimonios.,martin.diegodavid@gmail.com,Enlace mailto: en el sitio propio,"El propio sitio indica 16 años de experiencia en áreas contable/tributaria/financiera/SARLAFT para empresas, trayectoria que el diseño actual no comunica.",7
158,Contable al Día,"Contabilidad, tributario, nómina y asesoría financiera","Carrera 68H # 23 Sur-13, Bogotá D.C.",https://contable-al-dia.ueniweb.com/,"Plantilla genérica de directorio (UENI) sin dominio propio, sin testimonios de clientes; contacto principal es un Gmail personal.",contablealdia.bog@gmail.com,Correo publicado en el sitio propio,"Firma contable que ofrece contabilidad personalizada a empresas de Bogotá con servicio recurrente de valor medio-alto, sin un sitio propio que profesionalice su imagen.",6
159,Oscar Flórez Contador,"Asesoría tributaria y financiera, auditorías y reestructuración corporativa","Carrera 23 #45C-90, Bogotá, Colombia",https://oscargfcontador.wixsite.com/servicioscontables,"Plantilla genérica de Wix sin personalizar, sin WhatsApp ni formulario de contacto visibles, y sin ninguna evidencia social pese a que el propio sitio alega 25 años de trayectoria.",oscarflorezcontador@gmail.com,Enlace mailto: en el código fuente del sitio propio,"El sitio mismo declara más de 25 años de experiencia en gestión tributaria/financiera corporativa y reestructuraciones, brecha clara entre autoridad real y presencia web.",8
160,Ana M Rodríguez - Asesoría Contable,"Contabilidad, asesoría tributaria y empresarial","Diagonal 91 #87-25, Bogotá D.C.",https://ana-m-rodriguez.ueniweb.com/,"Plantilla genérica de directorio (UENI), contacto principal es un Hotmail personal, y aunque se mencionan reseñas de clientes (2018-2020) el texto de las mismas no está visible en el sitio.",anitar.chavez@hotmail.com,"Correo en el sitio propio, consistente con Facebook enlazado (facebook.com/ALaccountable45)",Ofrece asesoría contable y tributaria empresarial con atención solo por cita previa, perfil de servicio de valor medio-alto sin sitio propio que lo respalde.,6
161,Asesorías Integrales,"Contabilidad, planeación tributaria, NIIF y SG-SST","Carrera 9A No. 60-41 Oficina 105, Chapinero, Bogotá",https://monipresi01.wixsite.com/asesoriasintegrales,"Plantilla genérica de Wix, contacto principal es un Hotmail personal, sin testimonios pese a que el sitio alega más de 30 años de experiencia del equipo.",Asointegrales24@hotmail.com,Correo publicado en el sitio propio,"Firma en Chapinero que atiende empresas medianas y grandes en planeación tributaria y NIIF, con trayectoria alegada de 30 años que el sitio actual no transmite.",7
162,Ayel Consultores y Asesores Contables,"Contabilidad, tributario, facturación electrónica y NIIF","Calle 72A #71D-04, Bogotá D.C.",https://ayel-consultores-y-asesores-contables.ueniweb.com/,"Plantilla genérica de directorio (UENI), contacto principal es un Gmail personal, y solo 2 reseñas de Google con contenido mínimo.",alejandrayizet.espinosaleiva@gmail.com,Enlace mailto: en el sitio propio,Firma contable con oficina propia en Bogotá que ofrece servicios recurrentes de contabilidad y tributación a empresas.,6
163,Doctor Osorio (Dr. Mario Osorio Chacón),"Oftalmología privada (córnea, catarata, cirugía refractiva)","Carrera 16 No 82-29, Consultorio 503, Centro Profesional del Country, Bogotá",https://doctorosorio.com/,"Sitio construido en WordPress (~2019), sin galería de casos, sin sección de testimonios de pacientes pese a ofrecer procedimientos refractivos de alto valor.",contacto@doctorosorio.com,doctorosorio.com (footer/contacto); identidad confirmada vía doctoralia.co/mario-osorio-chacon,"Especialista en cirugía refractiva/córnea (SMILE, PRESBYOND, trasplante endotelial) con consulta particular — procedimientos electivos de miles de dólares.",8
164,Alta Visión,Oftalmología privada (clínica multi-especialista),"Carrera 14 No. 86a-15, Bogotá",https://www.altavision.co/,"Estética y estructura de diseño de mediados de los 2010, pese a incluir testimonios y galería de equipos.",educacion@altavision.com.co,altavision.co (footer); altavision.com.co redirige al mismo sitio,Clínica oftalmológica establecida con sede propia en zona norte de Bogotá — cirugías y tratamientos de pago directo son de alto ticket.,6
165,Centro Médico de Obesidad (Dr. Félix Jaime Baquero García),Cirugía bariátrica particular,"Av. 127 No. 19A-44, Consultorio 503, Bogotá D.C.",https://centromedicodeobesidad.com/,"El único email de contacto publicado es una cuenta personal de Hotmail en vez de un correo con el dominio propio del sitio, pese a operar como centro médico establecido.",felix_baquero@hotmail.com,centromedicodeobesidad.com (footer); identidad confirmada vía doctoralia.co e Instagram @centrodeobesidad,"Cirugía bariátrica (bypass, manga, balón) es de los procedimientos de pago directo más costosos en Colombia.",7
166,Dr. Juan Camilo Ospina García,Otorrinolaringología pediátrica particular,"Carrera 23 # 124-87 Torre 2, Consultorio 506, Bogotá",https://www.juanospinaotorrinopediatra.com/,"Sitio en plantilla Wix básica, sin testimonios de pacientes; contacto principal es Gmail personal en vez de correo del dominio propio.",juan.ospina@gmail.com,mailto en footer/contacto; identidad confirmada vía doctoralia.co,Consulta y procedimientos otorrinolaringológicos pediátricos particulares de pago directo recurrente para familias de Usaquén.,7
167,Dr. Andrés Naranjo (Dermatología),Dermatología clínica y estética privada,"Bogotá, Colombia",https://www.doctorandresnaranjo.com/,"Footer con copyright '2001 - 2026' sugiriendo plantilla nunca renovada, sin galería antes/después ni testimonios; contacto principal es Gmail personal.",asistentedrandresgn@gmail.com,doctorandresnaranjo.com/contacto/ campo 'Correo:',Dermatología clínica y estética de pago directo y recurrente — categoría de alta investigación previa por parte del paciente.,7
168,Dra. María Constanza Latorre — Reumatología,Reumatología particular,"Carrera 19A No. 82-85, Consultorio 311, Country Medical Center, Bogotá",https://dra-mconstanzalatorre-reumatologa.com/,Sin sección de testimonios ni certificaciones visibles; contacto principal es Gmail personal en vez de correo del dominio propio.,mconstanzareumatologa@gmail.com,mailto en footer del sitio propio,"Manejo particular y continuo de enfermedades reumáticas/autoinmunes (terapias biológicas de alto costo) — relación de largo plazo, pago directo.",6
169,Construcción y Arquitectura RMO S.A.S.,"Arquitectura y construcción (residencial/comercial, remodelaciones)","Cra 13 # 93-35, Bogotá D.C.",https://construccionyarquitecturarmo.com/,Plantilla Drupal 8 sin identidad de marca; contacto principal es Gmail personal en vez de dominio propio; sin nombres de arquitectos/fundadores ni casos de proyecto detallados.,construarquirmo@gmail.com,Sitio propio (footer/formulario de contacto),Constructora S.A.S. constituida que ofrece diseño arquitectónico + construcción + remodelaciones integrales en Bogotá.,7
170,AAR Arquitectos SAS,Arquitectura — diseño y construcción de oficinas,"Bogotá, Colombia",https://aar-arquitectos.com/,Sitio armado en GoDaddy Website Builder; múltiples imágenes de portafolio no cargan pese a mostrar 12+ proyectos; metadatos regionales quedaron en 'en_PH' (Filipinas).,proyectos@aar-arquitectos.com,Sitio propio (mailto en sección de contacto),"Firma especializada en diseño y construcción de oficinas corporativas — proyectos comerciales de alto ticket que dependen de un portafolio visual confiable, actualmente roto.",7
171,Alero Arquitectos,Arquitectura — remodelación de apartamentos y casas,"Calle 113 #7-45, Torre B, Of. 1210, Bogotá",https://www.aleroarquitectos.com/,Plantilla WordPress con múltiples imágenes rotas (placeholders SVG); menús duplicados; queda activa la 'Página de ejemplo' por defecto de WordPress sin borrar.,info@aleroarquitectos.com,Sitio propio (footer/mailto),Remodelación integral de apartamentos y casas en Bogotá con testimonios reales de clientes — perjudicado por un sitio con errores visibles de mantenimiento.,7
172,Santiago Rubiano Arquitectos,Arquitectura residencial premium,"Carrera 11a No 93a-22, Edificio Parque 93 - Juan Valdez, Bogotá",https://santiagorubianoarquitectos.com/,Sitio WPBakery con secciones de portafolio con múltiples placeholders de imagen vacíos; un encabezado se repite cinco veces sin contenido debajo.,info@santiagorubianoarquitectos.com,Sitio propio (mailto),Estudio de arquitectura en zona premium (Parque 93) enfocado en proyectos residenciales de alto valor — el sitio a medio terminar contradice el posicionamiento de la marca personal del fundador.,7
173,GP Arquitectura e Ingeniería S.A.S.,Arquitectura industrial — diseño y construcción de bodegas y plantas,"Calle 93a No 19-39, Of. 405, Bogotá",https://www.gparquitecturaeingenieria.com/,"Sitio en Webnode; el mapa de Google incrustado muestra coordenadas placeholder (0,0) en vez de la ubicación real de la oficina.",info@gparquitecturaeingenieria.com,Sitio propio (mailto/contacto),Diseño y construcción de bodegas/plantas industriales — proyectos de alto valor donde un mapa mal configurado mina la credibilidad.,6
174,Ideark,Arquitectura y construcción — diseño-construcción integral,"Cra 9a # 88-45, Bogotá D.C.",https://www.ideark.com.co/,"Sitio en Elementor con imágenes de stock genéricas; varias secciones de galería y páginas de servicio enlazan a directorios vacíos, pese a afirmar '99+ proyectos ejecutados'.",proyectos@ideark.com.co,Sitio propio (mailto/contacto),"Firma de diseño-construcción integral que reclama un volumen alto de proyectos ejecutados, pero no lo respalda con evidencia visual real.",6
175,Dijo Diseño S.A.S.,Diseño y construcción de espacios comerciales + obra civil,"Carrera 81d # 22-68, Bogotá",https://www.dijodiseno.com/,Maquetación de tablas HTML obsoleta y copyright visible de 2007; múltiples enlaces rotos; sin diseño responsive; navegación inconsistente.,info@dijodiseno.com,Sitio propio (mailto),"Diseño y adecuación integral de oficinas, locales comerciales, bares/restaurantes y obra civil en Bogotá — sitio visiblemente de casi dos décadas de antigüedad.",7
176,IDS Oficinas (ID Office),Diseño de interiores — oficinas y espacios comerciales,"Bogotá, Colombia",https://www.idsoficinas.com/,Plantilla Wix genérica sin personalizar; enlaces del footer llevan a páginas en blanco/genéricas; contacto principal es Gmail en vez de dominio propio.,idsoficinas@gmail.com,Sitio propio (contacto),Diseño de interiores de oficinas con tarifas por metro cuadrado para múltiples ciudades — servicio de alto ticket para clientes corporativos.,6
177,Estudio4d SAS,"Diseño de interiores — locales comerciales, bares y restaurantes","Calle 152 # 22a-21, Bogotá",http://www.estudio4d.com/,Numerosos placeholders 'blank.gif' en lugar de imágenes de proyectos; portafolio real mínimo; contacto principal es Gmail en vez de dominio propio.,info.estudio4d@gmail.com,Sitio propio (contacto/footer),"Especializado en diseño de locales comerciales, bares y restaurantes en Bogotá — proyectos de interiorismo comercial de alto valor.",6
178,BANOH Ingenieros & Arquitectos,Arquitectura e ingeniería — adecuación de oficinas y locales comerciales,"Calle 130 #58-20, Of. 303, C.C. Plaza Aventura, Bogotá",http://banoh.co/,Múltiples enlaces internos rotos (href vacíos); la sección 'Proyectos Realizados' no muestra detalle real de casos pese a estar anunciada.,comercial@banoh.co,Sitio propio (mailto/contacto),Arreglos locativos y adecuación de oficinas/locales comerciales en Bogotá — contratos de obra comercial de valor medio-alto.,6
179,H&C Proyectos de Ingeniería SAS (HYC Proyectos),Ingeniería y construcción — proyectos de obra e interventoría,"Calle 99 # 49-38, Of. 507, Edificio Centum, Bogotá",https://www.hycproyectos.com/,Plugin Slider Revolution con enlaces de imagen rotos; menú de 'Servicios' duplicado; copyright '2021' sin actualizar.,info@hycproyectos.com,Sitio propio (mailto/contacto),Firma de ingeniería y construcción con oficina en edificio corporativo del norte de Bogotá — proyectos técnicos de alto valor.,6
180,ARQUICONS (Arquitectos e Ingenieros Constructores),Construcción e ingeniería — servicios integrados residencial/comercial/industrial,"Calle 130 N° 58-20, Oficinas 301-302, C.C. Plaza Aventura, Bogotá D.C.",http://www.arquicons.co/,"Metadatos del sitio identifican la plantilla como 'Themefisher Medical HTML Template' — plantilla diseñada para clínicas médicas, reutilizada sin adaptar para una firma de construcción.",comercial1@arquicons.co,Sitio propio (correos en la página de contacto),"Servicios globales integrados de construcción e ingeniería en sectores residencial, comercial, industrial y hotelero — contratos de construcción de alto valor.",6
181,Marca Diseño S.A.S. (MD Estudios),"Arquitectura, diseño de interiores y construcción","Calle 98 #22-64, Of. 305, Bogotá",https://www.md-estudio.com/,Varios ítems del menú principal redirigen todos a la página de inicio; botones 'VER MÁS' del portafolio de más de 20 proyectos no funcionan.,contacto@md-estudio.com,Sitio propio (mailto/contacto),"Firma que se posiciona en 'Arquitectura, Diseño y Construcción' con portafolio amplio — proyectos de alto valor que el visitante no puede explorar por enlaces rotos.",7
182,S.O.G. Finca Raíz Inmobiliaria,Corretaje inmobiliario (venta y arriendo residencial/comercial),"Bogotá D.C., Colombia",https://sogfincaraiz.com/,"Contacto principal es cuenta de Gmail personal en vez de dominio propio; plantilla estándar de Wasi.co sin diferenciación de marca, sin testimonios ni perfiles del equipo.",sogfincaraiz@gmail.com,"Página de contacto/footer, confirmado en redes sociales oficiales enlazadas","Portafolio activo de 60+ inmuebles en venta y arriendo (casas, apartamentos, bodegas, oficinas, lotes, locales) — transacciones de corretaje de alto valor recurrentes.",7
183,Avalúos e Inmuebles (EGEPROYEC S.A.S.),Avalúos certificados de bienes raíces,"Bogotá D.C., Colombia",https://avaluoseinmuebles.com.co/,Correo de contacto es Gmail personal en vez del dominio propio; plantilla genérica de WordPress con enlaces tipo '#' sin destino y sin testimonios.,avaluosinmuebles.co@gmail.com,Footer/página de contacto del sitio propio,"Avalúos certificados en las 13 categorías reguladas en Colombia, incluyendo avalúos NIIF para empresas y de sucesiones.",7
184,GeoAvalúos (Avalúos y Consultoría),Avalúos comerciales certificados (RAA),"Cra. 91 #137-58, Bogotá D.C.",https://www.geoavaluos.com/,"El sitio conserva enlaces/placeholders rotos apuntando al demo del tema comprado (demo.casethemes.net), señal de instalación de plantilla nunca terminada de limpiar.",solicitudes@geoavaluos.com,Footer/contacto del sitio propio; email coincide con dominio,"Avalúos comerciales certificados RAA para propiedades institucionales de alto valor (colegios, iglesias, hospitales, bodegas, oficinas).",7
185,Casas y Apartamentos Bogotá,Corretaje inmobiliario (venta y arriendo residencial/comercial),"Bogotá, Cundinamarca, Colombia",https://www.casasyapartamentosbogota.com/,Mensajes de error de PHP visibles en metatags; plantilla genérica con fotografía de stock; contenido inconsistente sobre ubicación (menciona Valle del Cauca).,info@casasyapartamentosbogota.com,Footer/contacto; email coincide con dominio,"Portafolio de venta y arriendo de apartamentos, casas, oficinas, locales, bodegas, lotes y edificios.",6
186,GEVAIN S.A.S.,"Avalúos certificados (RAA, ISO 9001)","Carrera 7 No 24-17, Oficina 1801, Bogotá D.C.",https://gevain.com/,"Enlaces de navegación rotos y duplicados, diseño con imágenes de stock y estilo básico desactualizado, sin prueba social relevante.",atencionalcliente@gevain.com,Footer/contacto; email coincide con dominio,"Avalúos certificados ISO 9001:2015 para propiedades residenciales, comerciales e industriales, y valoraciones NIIF y de seguros con cobertura nacional.",7
187,Ernesto Sierra & Cía Ltda,Avalúos certificados y corretaje inmobiliario,"Calle 85 # 10-79, Bogotá D.C.",https://www.ernestosierra.com.co/avaluos.html,"Diseño anticuado (layout básico, casi sin imágenes), sin testimonios de clientes ni casos mostrados, pese a ser miembro de la Lonja de Propiedad Raíz.",esierra@ernestosierra.com.co,Página de servicios/contacto; email coincide con dominio y nombre del responsable,"Avaluador certificado RAA y miembro de la Lonja de Propiedad Raíz, con servicios combinados de avalúos, ventas, arriendos, hipotecas y asesoría legal.",8
188,Convivamos Abisambra y Cía Ltda,Administración de propiedad horizontal institucional,"Carrera 18A No. 143-61, Bogotá D.C.",https://convivamosltda.com/,"Plantilla corporativa genérica sin distinción visual propia, sin ningún testimonio de clientes/copropiedades administradas pese a años de operación activa.",gerente@convivamosltda.com,Footer/contacto; nombre del gerente confirmado en nota de reconocimiento publicada en el propio sitio,Administración integral de PH institucional combinada con seguridad privada y aseo — contratos recurrentes de alto valor.,7
189,Irene Szajowicz Finca Raíz (ISFR),Corretaje inmobiliario y avalúos,"Cra. 11 No. 93A - 24 Int 2, Bogotá D.C.",https://www.irenefincaraiz.com/,"Estética visiblemente desactualizada con estructura de plantilla básica, navegación repetitiva, sin ningún testimonio de clientes.",contacto@irenefincaraiz.com,Footer/contacto; email coincide con dominio,"Operación multi-ciudad (Bogotá, Barranquilla, Chía) con arriendos, ventas, avalúos, seguros y proyectos de desarrollo inmobiliario.",7
190,Valor Construido S.A.S.,Avalúos comerciales certificados (NIIF),Bogotá D.C. (cobertura Bogotá y Cundinamarca),https://valorconstruido.com/avaluos-bogota/,Menú 'LONJA' con enlaces de anclaje rotos; la página enfocada en Bogotá mezcla referencias inconsistentes a su operación en Medellín; sin testimonios.,comercial@valorconstruido.com,Footer/contacto; email coincide con dominio,"Avalúos comerciales, rurales, de maquinaria y NIIF para procesos legales y financieros de alto valor.",7
191,Avalúos Capital,Avalúos certificados (RNA),"Edificio Osaka Trade Center, Calle 74 No. 15-80, Of. 508, Bogotá D.C.",https://avaluoscapital.com/bogota,"Meta-descripciones con keyword stuffing evidente, sin testimonios visibles, sobre plantilla WordPress genérica sin personalización de marca.",info@avaluoscapital.com,Footer/contacto; email coincide con dominio,"Avalúos certificados RNA para propiedad urbana, rural, maquinaria e infraestructura con entrega en 48 horas.",6
192,Inmobiliaria B&R,"Corretaje inmobiliario (venta y arriendo residencial, zona norte)","Calle 145a #21-29, Usaquén, Bogotá D.C.",https://inmobiliariabr.com.co/,Varias imágenes de propiedades no cargan (placeholders SVG); sección de 'Testimonios' aparece vacía.,info@inmobiliariaenbogota.com,Listado en página de contacto; confirmado también en inmobiliariaenbogota.com y Facebook oficial @brinmobiliariabogota,Corretaje especializado en el norte de Bogotá (Usaquén/Cedritos) con venta, arriendo y asesoría de inversión de estrato alto.,6
193,Bienes y Proyectos Inmobiliarios S.A.S. (BYP Inmobiliarios),"Corretaje inmobiliario, administración de arriendos y avalúos","Carrera 69A # 23C – 75 Local 1, Bogotá D.C.",https://bypinmobiliarios.com/home/,"Plantilla genérica de WordPress (Slider Revolution) con elementos de navegación incompletos, prácticamente sin contenido de equipo, sin testimonios.",contactenos@bypinmobiliarios.com,Footer/contacto; email coincide con dominio,"Gestión integral de arriendos, ventas, avalúos y asesoría legal civil/inmobiliaria en varias ciudades.",7
194,CM & CIA Asesores de Seguros Ltda,"Corretaje de seguros (personas y empresas, incluye SOAT)","Cra 50 # 128C-83, Piso 2, Bogotá D.C.",https://www.cmasegurosltda.com/,Plantilla genérica de Wix con fotografía de stock; varias secciones del menú muestran el nombre técnico interno del constructor sin editar.,comercial@cmasegurosltda.com,mailto en el sitio propio,"Corredora Ltda constituida con oficina propia en Bogotá desde 2010, ofrece paquetes empresariales además de personales.",7
195,CAF Asesores de Seguros Ltda,"Corretaje de seguros corporativos (riesgos, cumplimiento, propiedad, empresarial)","Calle 98 No. 70-91, Oficina 1004, Centro Empresarial Pontevedra, Bogotá D.C.",https://www.seguroscaf.com/,Sección de seguro vehicular con texto Lorem Ipsum sin reemplazar; varios enlaces de cotización llevan a '#' sin destino.,liliana.alba@seguroscaf.com,mailto en el sitio propio,"Correduría autorizada especializada en riesgos y seguros empresariales, de cumplimiento y de propiedad — mandatos corporativos de prima alta.",7
196,Ingeniería & Automatización S.A.S.,Ingeniería industrial — automatización de procesos y mantenimiento de plantas,"Carrera 77 bis 65A-39, Bogotá D.C.",https://www.i-automatizacion.com/,Diseño de comienzos/mediados de la década pasada; varias tarjetas de servicio repiten literalmente el mismo texto genérico sin adaptar.,ventas@i-automatizacion.com,mailto en el sitio propio,"Plataforma propia (SIP) para gestión de datos industriales, operación de plantas, mantenimiento y telecomunicaciones — contratos técnicos B2B recurrentes.",7
197,Colombiana de Calderas y Equipos SAS (Colcalderas),Ingeniería industrial — fabricación y mantenimiento de calderas industriales,"Carrera 53 # 17-78, Bogotá D.C.",https://colcalderas.com/,"Diseño básico y desactualizado (aspecto de comienzos de los 2000), sin testimonios o casos documentados pese a mencionar clientes reales del sector petrolero.",mercadeo@colcalderas.com,mailto en el sitio propio,"Fabricante de calderas industriales desde 1977, con clientes nombrados como Ecopetrol y Pacific Rubiales — contratos técnicos de alto valor.",8
198,Colding SM,Ingeniería industrial — refrigeración/climatización industrial y automatización eléctrica,"Carrera 72J # 37B-35 Sur, Bogotá D.C.",https://www.coldingsm.com.co/,"Varias secciones de servicio conservan texto de relleno del constructor sin reemplazar, pese a mostrar logos reales de clientes.",sercliente@coldingsm.com.co,mailto en el sitio propio,"Diseño, montaje y mantenimiento de refrigeración comercial/industrial para clientes reales nombrados (El Corral, Papa John's, Postobón, Colombina).",7
199,Industrial Energy SAS,"Ingeniería industrial — plantas eléctricas, tableros y automatización","Bogotá, Colombia",http://www.industrialenergysas.com/,"Diseño anticuado tipo comienzos de los 2010, sin testimonios; toda la conversión depende de WhatsApp, sin formulario de contacto ni dirección física publicada.",contacto@industrialenergysas.com,"Sitio propio, email listado junto a mención de ciudad Bogotá","Venta, mantenimiento y alquiler de plantas eléctricas, bancos de carga, diseño de tableros y automatización — 13 años de trayectoria.",6
200,Cuartos Fríos Bogotá,Ingeniería industrial — refrigeración industrial (diseño e instalación de cuartos fríos),"Carrera 110B # 136A-54, Bogotá D.C.",https://cuartosfriosbogota.com.co/,"Varias secciones del sitio conservan texto de relleno tipo Lorem Ipsum sin reemplazar, pese a incluir fotos reales de proyectos e insumos (Danfoss, Copeland).",comercial@cuartosfriosbogota.com.co,mailto en el sitio propio,"Diseño e instalación de cuartos fríos industriales para hoteles, hospitales y clubes, con más de 20 años de trayectoria.",7
201,Inri Asesorías Contables y Tributarias,"Consultoría contable, tributaria y revisoría fiscal para empresas","Carrera 72B No. 5B-93, Oficina 501, Bogotá D.C.",https://www.inriasesorias.com/,"El sitio ofrece revisoría fiscal, auditoría y consultoría NIIF pero en ninguna sección aparece el nombre de ningún contador, socio o representante de la firma, ni testimonios de clientes.",gerenciaadministrativa@inriasesorias.com,"https://www.inriasesorias.com/ (footer/contacto), https://www.inriasesorias.com/nosotros","Presta revisoría fiscal, auditoría y consultoría NIIF a empresas: contratos corporativos recurrentes de valor alto.",7
202,Trivinoz & Asociados,"Contaduría pública — administración contable, nómina, impuestos e implementación NIIF/IFRS para empresas","Calle 106 No. 56-62, Oficina 212, Bogotá",https://trivinozyasociados.wixsite.com/prin,"El ícono de WhatsApp visible es decorativo y no enlaza a ningún chat, y el enlace del menú hacia ""Quiénes Somos"" no despliega contenido.",trivinozyasociados@hotmail.com,https://trivinozyasociados.wixsite.com/prin y /quienes-somos,"Ofrece implementación de IFRS/NIIF, administración de impuestos y nómina para empresas — servicios contables corporativos recurrentes.",7
203,Conaudit Group,"Consultoría contable — outsourcing, asesoría tributaria, revisoría fiscal y auditoría para empresas","Calle 70A Bis A No. 116C-21, Of. 4-404, Bogotá",https://conauditgroup.wixsite.com/conauditgroup,"El sitio ofrece revisoría fiscal y auditoría pero no menciona el nombre de ningún profesional del equipo, y no incluye testimonios de las empresas atendidas.",conauditgroup@gmail.com,https://conauditgroup.wixsite.com/conauditgroup y /contacto,La revisoría fiscal y la auditoría son servicios estatutarios contratados por empresas de forma recurrente.,6
204,KRYPTO,Consultoría financiera y contable / outsourcing financiero para empresas medianas,"Carrera 7B No. 108A-66, Casa Norte, Bogotá D.C.",https://www.krypto.com.co/,"La sección de testimonios muestra una cita atribuida a ""Juan Pérez, CEO de Empresa XYZ"" repetida de forma idéntica en cada espacio del carrusel, sin reemplazar por comentarios reales.",comercial@krypto.com.co,"https://www.krypto.com.co/ (testimonios/footer), https://www.krypto.com.co/nosotros",Ofrece consultoría de eficiencia financiera y gobierno corporativo a empresas medianas — consultoría B2B recurrente de valor alto.,8
205,Carlos Hernández Abogados,Abogados — derecho comercial y corporativo,"Carrera 16 No. 97-46, Piso 7, Bogotá",https://carloshernandezabogados.com/,"Varias fotografías en las páginas de servicios no cargan y aparecen como recuadros rotos, y no hay testimonios de clientes ni perfiles individuales de los demás abogados del equipo.",carloshernandezabogados.com@gmail.com,https://carloshernandezabogados.com/abogados-derecho-comercial.html,Firma con 22 años en el mercado que atiende clientes empresariales en varias ciudades en derecho comercial.,7
206,Centro Oftalmológico Colombiano,Oftalmología particular (clínica con múltiples oftalmólogos y cirugía ocular),"Carrera 19A No. 85-11, Piso 4°, 5° y 6°, Bogotá, Colombia",https://centro-oftalmologico85.com/,"El sitio corre sobre Joomla 1.5 (sin soporte desde hace años), sin viewport ni diseño adaptable a móvil, y sin WhatsApp, formulario, testimonios ni galería.",info@centro-oftalmologico85.com,https://centro-oftalmologico85.com/index.php?option=com_content,Institución oftalmológica establecida con varios pisos propios de consultorios y cirugía — procedimientos de valor alto y pago directo.,7
207,CB Ingenieros S.A.S.,Ingeniería civil - interventoría y consultoría de obra,"Calle 98 #22-64, Oficina 507, Bogotá D.C., Colombia",https://cbingenieros.com/,"La página afirma haber realizado mantenimiento a más de 30 colegios e interventoría en más de 180 km de vías, pero la galería no muestra fichas ni fotos de esos proyectos, y no incluye testimonios.",info@cbingenieros.com,https://cbingenieros.com/,Firma de ingeniería desde 1982 que compite por contratos de interventoría técnica en obras de infraestructura de valor alto.,8
208,RC Arquitectos S.A.S.,Diseño y construcción - ingeniería civil (vías y redes de servicios públicos),"Carrera 15 #104-76, Oficina 204, Bogotá D.C., Colombia",https://www.rcarquitectos.com.co/,"El sitio destaca más de 20 años de trayectoria y logos de clientes, pero no incluye fichas de proyectos con imágenes de antes/después ni testimonios escritos.",gerencia@rcarquitectos.com.co,https://www.rcarquitectos.com.co/,Empresa constituida con oficinas en Bogotá e Ibagué en diseño y construcción de obras civiles y redes de servicios públicos.,8
209,Grupo Bazzani,"Interventoría técnica, administrativa, jurídica, financiera y ambiental de obra","Transversal 24a # 60-12, Bogotá D.C., Colombia",https://grupobazzani.com/,"El enlace de Twitter del pie de página redirige a la página genérica de inicio de Twitter, y varias imágenes en el listado de proyectos quedan como marcador de carga ('placeholder.svg') sin mostrar la fotografía final.",proyectos.interventorias@grupobazzani.com,https://grupobazzani.com/interventorias/ y /contacto/,"Firma de interventoría en infraestructura educativa (FFIE), estaciones de policía e instalaciones militares — contratos institucionales de valor alto.",7
210,Integridad e Interventorías SAS,"Interventoría, control de calidad e ingeniería de integridad de activos","Carrera 23 No. 44 Sur-56, Bogotá, Colombia",http://www.integridadeinterventorias.com.co/,El sitio muestra publicidad de terceros (Google AdSense) en sus páginas de servicios y no tiene una sección de portafolio con proyectos ejecutados ni formulario de contacto propio.,gestion@integridadeinterventorias.com.co,http://www.integridadeinterventorias.com.co/,"Empresa SAS que ofrece interventoría, auditorías, ensayos no destructivos e implementación de sistemas ISO a empresas.",6
211,Acevedo y Cía,"Finca raíz de alto valor (venta, arriendo y avalúos residenciales/comerciales)","Carrera 9 No. 53-81, Bogotá D.C., Colombia",https://www.acevedoycia.com/,"En la sección de asesores y en el blog del sitio aparece visible el código de plantilla sin procesar (por ejemplo ""{{asesores.name}}"", ""{{asesores.email}}"", ""{{entrada.title}}"").",contacto@acevedoycia.com,"https://www.acevedoycia.com/ (sección de asesores, blog y mailto)","Inmobiliaria familiar en Bogotá con más de cinco décadas operando, comisiones de venta, arriendo y avalúos de alto valor.",8
212,Inmobiliaria REYCO S.A.S.,Finca raíz de alto valor (venta y arriendo residencial/comercial),"Carrera 14 No. 75-42, El Lago, Bogotá D.C., Colombia",http://www.inmobiliariareyco.com/,"El sitio tiene un diseño de hace más de una década y varios enlaces dentro de las secciones ""Propietarios"" y ""Arrendatarios"" no llevan a ninguna página (quedan marcados con ""#"").",reyco@inmobiliariareyco.com,http://www.inmobiliariareyco.com/ (Propietarios/Arrendatarios y mailto),Agencia inmobiliaria con matrícula de arrendador antigua y oficinas en Bogotá y Bucaramanga.,7
213,Romero Serrano Inmobiliaria S.A.S.,Finca raíz de alto valor (administración y comercialización de inmuebles corporativos),"Centro Ejecutivo Santa Bárbara, Av. 19 No. 118-95, Oficinas 610-611, Bogotá D.C., Colombia",https://www.romeroserrano.com/,"En las secciones ""Propiedades Destacadas"" y ""Nuestras Noticias"" de la portada, el sitio muestra literalmente el texto ""Loading..."" en lugar de cargar el contenido real.",comercial@romeroserrano.com,https://www.romeroserrano.com/,"Firma dedicada a la administración y comercialización de espacios corporativos, logística y retail desde 1989.",8
214,Gestiones Inmobiliarias F.T. SAS,"Finca raíz de alto valor (venta, arriendo y avalúos)","Carrera 14A No. 127-15, Oficina 702, Bogotá D.C., Colombia",https://www.gestionesinmobiliarias.com/,"Los contadores de estadísticas de la portada muestran ""0+"" en vez de una cifra real, y varias imágenes del blog y logos de aliados se quedan cargando sin mostrar la imagen final.",contacto@gestionesinmobiliarias.com,https://www.gestionesinmobiliarias.com/,Inmobiliaria con más de 14 años de trayectoria y portafolio amplio en Bogotá y la sabana.,7
215,Bívalo Inmobiliario SAS,Finca raíz de alto valor (venta y arriendo residencial/comercial),"Calle 76 #16-22, Bogotá D.C., Colombia",https://www.bivalo.com/,"En la sección de propiedades destacadas aparece un ícono de imagen ""cargando"" sin mostrar la foto final, y el enlace de ""PSE"" dentro del menú de Clientes no lleva a ninguna página.",servicioalcliente@bivalo.com,https://www.bivalo.com/ y /contacto,"Inmobiliaria con registro de arrendador dedicada a venta y arriendo de inmuebles en Bogotá, con portal de pagos en línea.",7
216,Servicios Inmobiliarios ISLA,Finca raíz de alto valor (venta y arriendo residencial/comercial),"Carrera 12 #98-35, Oficina 405, Bogotá D.C., Colombia",https://www.inmobiliariaisla.com/,"Varios elementos del menú de navegación no llevan a ninguna sección, y el sitio no muestra botón de WhatsApp ni chat en vivo en la portada.",comercial@inmobiliariaisla.com,https://www.inmobiliariaisla.com/,Agencia inmobiliaria con oficina propia en Bogotá dedicada a venta y arriendo de inmuebles comerciales/residenciales.,6
217,Inmobiliaria Makale SAS,"Finca raíz de alto valor (administración, arriendo y venta)","Carrera 15 No. 116-06, Oficina 614, Bogotá D.C., Colombia",https://www.inmobiliariamakale.com.co/,El sitio no tiene botón de WhatsApp ni formulario de contacto en sus páginas principales; el único camino para escribir es marcar teléfono o buscar el correo entre el texto.,comercial@inmobiliariamakale.com.co,https://www.inmobiliariamakale.com.co/,"Inmobiliaria en Bogotá dedicada a administración, arriendo y venta de inmuebles con líneas separadas de gerencia y arriendos.",6
218,Aconaire SAS,Ingeniería industrial - climatización y aire acondicionado industrial,"Carrera 103 #25A-02, Bogotá D.C.",https://aconaire.com.co/,"La página principal muestra, mezclado con el contenido normal, enlaces y textos en varios idiomas relacionados con casas de apuestas y casinos en línea, indicando contenido inyectado ajeno al negocio.",info@aconaire.com.co,https://aconaire.com.co/ y /aire-acondicionado-industrial-en-bogota/,"Atiende plantas de producción y centros de distribución con sistemas de climatización industrial, contrato recurrente de alto valor.",8
219,INMEC CNC,Ingeniería industrial - metalmecánica y mecanizado CNC,"Av. Calle 22 #33-65, Bogotá",https://www.inmeccnc.com/,"El sitio no cuenta con un formulario de contacto interactivo, no presenta testimonios ni casos de clientes, y el menú de navegación incluye enlaces vacíos.",info@inmeccnc.com,https://www.inmeccnc.com/fabricacion-de-estructuras-metalicas-bogota.aspx,"Ofrece mecanizado CNC, corte por chorro de agua y láser para fabricación de piezas industriales de precisión.",7
220,Diaseguros Gama,Seguros corporativos - agencia colocadora de seguros,"Av 115 No 106-32 Oficina 610, Edificio Av Villas, Bogotá",https://www.diasegurosgama.com/,"El sitio presenta un diseño sin actualizar y detalles de edición sin corregir, como los textos ""ContinUAR LEYENDO"" y ""Preguntasfrecuentes"" visibles en la sección de servicios.",comercial@diasegurosgama.com,https://www.diasegurosgama.com/,"Ofrece pólizas corporativas de responsabilidad civil, cumplimiento, ingeniería, riesgos laborales y transporte.",7
221,CNC Bogotá SAS,Ingeniería industrial - metalmecánica y maquinaria CNC,"Calle 9 #30-29, Bogotá D.C.",https://cncbogotasas.com/,"Pese a declarar más de dos décadas de experiencia y alianzas con marcas como Siemens, el único correo de contacto visible es una cuenta de Gmail y no hay testimonios de clientes.",cnc.bogotasas@gmail.com,https://cncbogotasas.com/,Distribuye y da soporte a maquinaria industrial CNC para plantas de fabricación.,7
222,MCM Seguros,Seguros corporativos - brokerage de seguros empresariales,"Calle 125 #21A-70 Oficina 404, Bogotá",https://mcmseguros.com/,"En la sección de seguros empresariales (PYME, D&O, Cyber, maquinaria) no hay formulario de contacto ni botón de WhatsApp visible.",crm@mcmseguros.com,https://mcmseguros.com/,"Se presenta como parte de uno de los cinco mayores brokers de seguros del país, con pólizas empresariales especializadas.",7
223,Compresores Colombia (Everardo Puentes),Ingeniería industrial - mantenimiento de compresores industriales,"Calle 1H #21-45, Barrio El Vergel, Bogotá",http://compresorescolombia.com/,"Varios enlaces del menú de navegación quedan vacíos, el sitio no tiene formulario de contacto ni WhatsApp integrado, y el correo principal es una cuenta de Gmail personal en vez de un dominio propio.",puentes.everardo@gmail.com,http://compresorescolombia.com/contacto.html,Ofrece mantenimiento y reparación especializada de compresores de aire en plantas industriales.,6
224,Acuahot SAS,Ingeniería industrial - mantenimiento de calderas y calentadores,"Calle 74 #61-21, Bogotá",https://www.calentadoresycalderasbogota.com/,"El sitio corresponde a una plantilla básica de WordPress sin personalizar, sin ningún testimonio o caso de cliente que respalde los 20 años de experiencia mencionados.",ventas@calentadoresycalderasbogota.com,https://www.calentadoresycalderasbogota.com/,"Realiza mantenimiento y reparación de calderas y calentadores industriales, contratos empresariales recurrentes.",6
225,Bombas Acuabombas,Ingeniería industrial - mantenimiento de bombas y motores industriales,"Calle 69A #70-84, Bogotá",https://www.bombasacuabombas.com/,"La galería de proyectos incluye varias imágenes que no cargan y botones sin destino funcional, y el correo principal es una cuenta de Gmail pese a mencionar 20 años de experiencia.",bombasacuabombas@gmail.com,https://www.bombasacuabombas.com/mantenimiento-de-equipos,Ofrece mantenimiento especializado de bombas y motores eléctricos para plantas industriales.,6
226,Asistencia Jurídica de Colombia,"Abogados — derecho civil, penal, laboral, familiar, administrativo, propiedad horizontal y cobro de cartera","Carrera 11H No. 33F-39, Piso 2, Bogotá",https://asistenciajuridica65.wixsite.com/my-site,"El sitio usa la plantilla estándar de Wix sin terminar de personalizar: el texto de la visión institucional aparece duplicado en la misma página, varios enlaces internos del menú no llevan a contenido desarrollado, y la sección del equipo muestra una fotografía sin información adicional de los abogados.",asistenciajuridicadecolombia@gmail.com,https://asistenciajuridica65.wixsite.com/my-site,"Maneja cobro y recuperación de cartera empresarial, auditoría jurídica y propiedad horizontal para empresas y administraciones.",6
227,Abogados Bogotá SAS (Fundación Abogados Colombia),"Abogados - civil, constitucional, laboral, arrendamientos, sucesiones","Calle 26 # 69 - 76 Torre 3 Oficina 1501, Bogotá",https://abogadosbogotasas.wixsite.com/website,"Sitio en subdominio gratuito de Wix (sin dominio propio); el contacto principal es una cuenta Gmail en vez de un correo de dominio corporativo; el sitio indica explícitamente ""No hay atención presencial""; sin testimonios de clientes.",fundacionabogadoscolombia@gmail.com,https://abogadosbogotasas.wixsite.com/website (visitado vía WebFetch),"Firma multi-área (constitucional, laboral, civil) con oficina física en zona empresarial de Bogotá (Calle 26), maneja procesos judiciales de valor recurrente.",7
228,Melgarejo Baquero,"Abogados - administrativo, civil, familia, comercial, laboral","Calle 126 #7B-32, Usaquén, Bogotá",https://abogadosmelbaq9.wixsite.com/melgarejobaquero,Sitio en subdominio gratuito de Wix; contacto principal es Hotmail personal en vez de dominio propio; enlaces de redes sociales son los genéricos de plantilla Wix sin cuentas propias vinculadas; sin testimonios.,abogadosmelbaq@hotmail.com,https://abogadosmelbaq9.wixsite.com/melgarejobaquero (visitado vía WebFetch),"Bufete fundado por abogado especialista en derecho administrativo (Universidad del Rosario) con oficina propia en Usaquén, zona de alto valor comercial.",7
229,Soluciones Fénix (Abogados y Asociados),"Abogados - derecho empresarial, contratos, cumplimiento","Cra 6 #12-34 Oficina 303, Bogotá",https://solucionesfenixbog.wixsite.com/abogadosyasociados,Sitio en subdominio gratuito de Wix; contacto principal es Gmail en vez de dominio propio; sin número de teléfono visible; sin testimonios de clientes.,abogadosyasociados.sf@gmail.com,https://solucionesfenixbog.wixsite.com/abogadosyasociados/nosotros (visitado vía WebFetch),"Director con 15+ años de litigio en derecho administrativo, oficina física en Cra 6 (Centro), enfoque en formalización de contratos empresariales.",6
230,Gaitán Contadores Públicos,Consultoría contable y tributaria,Bogotá D.C.,https://gaitancontadorespu.wixsite.com/contadores-gait-n,Sitio en subdominio gratuito de Wix; contacto principal es Gmail en vez de dominio propio; no se muestra dirección física completa.,gaitancontadorespublicos@gmail.com,https://gaitancontadorespu.wixsite.com/contadores-gait-n (visitado vía WebFetch),"Firma contable con oferta de consultoría financiera, tributaria, nómina y declaraciones — servicios recurrentes de alto valor para pymes.",6
231,MOMAC Contadores & Asesores,Consultoría contable y tributaria,"Cra. 50 #102A-34 Of. 503, Bogotá",https://contadoresmomac.wixsite.com/website,Sitio en subdominio gratuito de Wix; contacto principal es Gmail en vez de dominio propio; sin WhatsApp visible; sin testimonios.,contadoresmomac@gmail.com,https://contadoresmomac.wixsite.com/website (visitado vía WebFetch),"Oficina propia en zona empresarial (Cra 50), servicio de declaraciones tributarias, facturación electrónica y estados financieros para empresas.",7
232,Abogados Autónomos,"Abogados - derecho penal, laboral, civil, público",Bogotá D.C.,https://autonomosabogados.wixsite.com/website/acerca-de-2,Sitio en subdominio gratuito de Wix; contacto principal es Gmail en vez de dominio propio; sin teléfono ni WhatsApp visibles; sin testimonios.,autonomos.abogados@gmail.com,https://autonomosabogados.wixsite.com/website/acerca-de-2 (visitado vía WebFetch),Especialización en derecho penal (defensas de alto valor) con enfoque adicional en laboral y civil.,6
233,Inversiones Rubio Asesores,"Asesoría jurídica e inmobiliaria (civil, comercial, administrativo, familia, laboral, penal, migratorio)","Cll 12b #6-82, Bogotá",https://invrubioasesores.wixsite.com/invrubioasesores,Sitio en subdominio gratuito de Wix; contacto principal es Gmail en vez de dominio propio; sin testimonios de clientes visibles.,Rubioasesores2008@gmail.com,https://invrubioasesores.wixsite.com/invrubioasesores (visitado vía WebFetch),"Combina asesoría jurídica multi-área con servicios inmobiliarios y remates judiciales — transacciones de valor alto, oficina física en el Centro de Bogotá.",7
234,Legality Asesores,"Abogados - derecho comercial, propiedad intelectual, corporativo, seguridad social","Bogotá, Colombia",https://legalityasesores.wixsite.com/inicio,Sitio en subdominio gratuito de Wix; contacto principal es Gmail en vez de dominio propio; sin WhatsApp visible; consulta inicial limitada a 20 minutos indica operación pequeña.,legalityasesores@gmail.com,https://legalityasesores.wixsite.com/inicio (visitado vía WebFetch),Especialización poco común en propiedad intelectual y derecho corporativo combinada con TI — nicho de alto valor por transacción.,7
235,Minniti Abogados S.A.S.,"Abogados - administrativo, civil, familia","Calle 125 Bis # 20-75, Barrio Santa Bárbara, Edificio Ejecutivo 125 Oficina 307C, Bogotá",https://minnitiabogados.wixsite.com/colo,Sitio en subdominio gratuito de Wix; contacto principal es Gmail en vez de dominio propio; sin WhatsApp visible; sin testimonios.,minnitiabogados@gmail.com,https://minnitiabogados.wixsite.com/colo (visitado vía WebFetch),"Firma constituida como S.A.S. con oficina propia en edificio ejecutivo (Santa Bárbara), práctica en derecho administrativo con cobertura nacional declarada.",7
236,Dra. Piedad Almario Ariza (Dermatología),"Dermatología estética (acné, arrugas, botox, detección de cáncer de piel)","Carrera 45a #95-37, Edificio Castellana Forum, Barrio La Castellana, Bogotá",https://piedadalmario.wixsite.com/misitio,"Sitio construido en subdominio gratuito de Wix, sin dominio propio; footer muestra texto genérico de plantilla sin relación al negocio (""Cuerpo Sano""); copyright sin actualizar desde 2023; sin testimonios de pacientes; contacto principal es un Gmail personal en vez de dominio propio.",dra.piedadalmario@gmail.com,https://piedadalmario.wixsite.com/misitio (visitado vía WebFetch),"Dermatología estética (botox, manejo de acné, detección de cáncer de piel) es un servicio de ticket alto y recurrente, con consultorio propio en zona de alto poder adquisitivo (La Castellana).",7
237,OdontoLagos – Dr. Armando Lagos Bruce,Odontología / Cirugía oral e implantología,"Calle 1B # 30-38, Barrio Santa Matilde, Bogotá",https://lagosbruce.wixsite.com/implantesdentales,Sitio en subdominio gratuito de Wix con estilo de plantilla genérica sin personalizar; copyright desactualizado en 2019; sin testimonios ni reseñas de pacientes; contacto principal es un Hotmail personal en vez de dominio propio.,lagosbruce@hotmail.com,https://lagosbruce.wixsite.com/implantesdentales (visitado vía WebFetch),Implantología dental y cirugía oral son procedimientos de valor alto por caso; el doctor tiene consultorio propio establecido pero su presencia web no refleja ese nivel de especialización.,8
238,Ciro Alejandro Peña López (Estética Alternativa),Medicina estética / bioenergética,"Carrera 23 N° 124-87, Consultorio 401, Torre 1, Bogotá",https://esteticaalternativa.wixsite.com/ciropl,Sitio Wix desactualizado con personalización mínima; enlaces de redes sociales rotos; sin testimonios de pacientes ni casos reales; contacto principal es un Gmail personal en vez de dominio propio.,esteticaalternativacp@gmail.com,https://esteticaalternativa.wixsite.com/ciropl (visitado vía WebFetch),"Consultorio propio de medicina estética en zona norte de Bogotá (cerca a Unicentro), con más de una década de trayectoria declarada y membresías en asociaciones de medicina estética.",6
239,O.D Especialistas,"Odontología especializada (implantología, ortodoncia, rehabilitación oral)","Avenida Carrera 30 # 57-55, Piso 2, Bogotá D.C.",https://odespecialistas.wixsite.com/odespecialistas,Sitio Wix sin actualizar (copyright 2018 pese a que la clínica dice estar fundada en 2001); errores ortográficos visibles; sección de testimonios sin ningún testimonio real; contacto principal es un Gmail genérico en vez de dominio propio.,cliniodonto.odespecialistas@gmail.com,https://odespecialistas.wixsite.com/odespecialistas (visitado vía WebFetch),"Clínica con más de 20 años de trayectoria declarada que ofrece implantología, rehabilitación oral y ortodoncia — servicios de ticket alto — pero su web no comunica ese nivel.",7
240,Mery Mendoza Estética Dental,Odontología estética,"Carrera 77A No 64J-02, Barrio Villaluz, Bogotá",https://merymed.wixsite.com/mery-mendoza,Sitio Wix con imágenes de plantilla sin personalizar completamente; sin testimonios ni reseñas de pacientes; contacto principal es un Gmail personal en vez de dominio propio.,merymendozaesteticadental@gmail.com,https://merymed.wixsite.com/mery-mendoza (visitado vía WebFetch),"Odontología estética con 12 años de experiencia declarados por la propia profesional, consultorio propio en Bogotá — servicio de ticket alto sin evidencia social que respalde ese nivel.",7
241,Estación de Sonrisas,Odontología general y especializada,"Calle 78 #16-20, Edificio El Lago, Consultorio 505, Bogotá",https://estaciondesonrisas0.wixsite.com/estaciondesonrisas,"Sitio Wix sin personalizar, sin testimonios de pacientes; formulario de contacto no funcional; el enlace de Instagram redirige a una cuenta genérica de Wix en vez de la cuenta real del negocio; contacto principal es un Gmail genérico en vez de dominio propio.",estaciondesonrisas@gmail.com,https://estaciondesonrisas0.wixsite.com/estaciondesonrisas (visitado vía WebFetch),"Clínica dental con consultorio propio en edificio médico de la zona de Chapinero/Chicó (Calle 78), ofrece servicios odontológicos integrales de ticket alto sin presencia web que lo respalde.",6
242,Claudia López Fisioterapeuta,Fisioterapia / rehabilitación (movilidad corporal y terapia respiratoria),"Carrera 82 # 22A-71, Barrio Modelia, Bogotá",https://claudialopezfisio.wixsite.com/fisioterapeuta,Sitio Wix minimalista con contenido muy escaso más allá de los datos de contacto; sin testimonios de pacientes; sin formulario de contacto (depende solo de teléfono/redes sociales).,claudialopezfisioterapeuta@gmail.com,https://claudialopezfisio.wixsite.com/fisioterapeuta (visitado vía WebFetch),"20 años de experiencia declarados en fisioterapia especializada (movilidad y terapia respiratoria) con consultorio propio en Modelia, perfil de recuperación de largo plazo de ticket más alto.",6
243,Avalúos Comerciales,Avalúos certificados de inmuebles y propiedades (NIIF),Bogotá y Cundinamarca (oficina no publicada),http://www.avaluoscomerciales.com/,"Diseño Joomla desactualizado (estética típica de 2010-2015, banners estáticos), muestra un mensaje de error técnico visible en el sitio (""Your module ID 102 is still working in V8 Legacy mode""), sin sección de testimonios, sin nombre de responsable identificado.",ventas@avaluoscomerciales.com,http://www.avaluoscomerciales.com/ ; /nosotros.html (visitado vía WebFetch),"Empresa de avalúos comerciales certificados (Registro Abierto de Avaluadores, Lonja de Bogotá) con cobertura multi-ciudad — trabajos de valuación de alto valor para bancos, aseguradoras y grandes propietarios.",7
244,Elite Inmobiliaria,"Finca raíz premium — venta y arriendo de oficinas, locales y propiedades residenciales","CL 116 15B 26, Of. 307, Bogotá",https://eliteinmo.co/,Sin formulario de contacto visible y sin WhatsApp visible en el sitio (a pesar de ser inmobiliaria activa); único canal digital es un correo de mercadeo.,mercadeo@eliteinmo.co,https://eliteinmo.co/ ; /arriendo-locales-comerciales/ (visitado vía WebFetch),"Inmobiliaria afiliada a la red internacional LeadingRE, especializada en oficinas, locativas y propiedades de alto valor en Bogotá.",8
245,MG Arte y Decoración,"Construcción y remodelación integral (excavación, rehabilitación, restauración)","Carrera 112 A., Bogotá DC 111031",https://mg-arte-y-decoracion.ueniweb.com/,"Plantilla genérica de directorio (UENI) sin personalizar, sin portafolio de proyectos, sin testimonios, contacto principal es un Gmail personal en vez de dominio propio.",mg.arteydeco@gmail.com,https://mg-arte-y-decoracion.ueniweb.com/ (visitado vía WebFetch),"Empresa constructora que ofrece rehabilitación y restauración integral de edificaciones en Bogotá, servicio 24/7 cobertura nacional.",6
246,Constructora Fundar,"Construcción integral y remodelación (casas, adecuaciones, drywall)","Diagonal 50 No 53-31, Bogotá 110611",https://constructora-fundar.ueniweb.com/,"Plantilla genérica de directorio (UENI) sin terminar, sin WhatsApp, sin portafolio ni testimonios, contacto principal es un Gmail personal en vez de dominio propio.",constructorafundar@gmail.com,https://constructora-fundar.ueniweb.com/ (visitado vía WebFetch),"Constructora con portafolio de servicios integral (remodelaciones, adecuaciones, construcción de casas completas) en Bogotá.",6
247,Remodelaciones JC,"Construcción y remodelación integral (casas, apartamentos, oficinas)","Calle 31 F Sur #15-14, Bogotá DC 110421",https://remodelaciones-jc.ueniweb.com/,"Plantilla genérica de directorio (UENI), sin WhatsApp visible, contacto principal es un Hotmail personal en vez de dominio propio.",chechon00@hotmail.com,https://remodelaciones-jc.ueniweb.com/ (visitado vía WebFetch),"Constructora que atiende remodelación integral de casas, apartamentos y oficinas, con cobertura Bogotá-Soacha-Cundinamarca.",6
248,SIMAE Ingeniería,"Ingeniería industrial — proyectos eléctricos, comunicaciones, seguridad, construcción e interventoría","Carrera 8 Bis A #155-45, Bogotá D.C.",https://simaeing.wixsite.com/simaeingenieria,"Diseño Wix muy anticuado (estructura básica sin actualizar hace varios años), sin WhatsApp visible, sin testimonios de clientes.",contacto@simae.com.co,https://simaeing.wixsite.com/simaeingenieria (visitado vía WebFetch),"Firma de ingeniería con proyectos de diseño, construcción e interventoría para obras residenciales, industriales y comerciales — contratos técnicos de alto valor.",7
249,ARF Arquitectos,Arquitectura y diseño,"Ak. 58 #128b-94, Of. 401, Bogotá",https://arquitectosarf.wixsite.com/arquitectos,"Diseño Wix anticuado sin actualizaciones recientes, sin WhatsApp integrado, sin testimonios, contacto principal es un Gmail personal en vez de dominio propio.",arf.arquitectos@gmail.com,https://arquitectosarf.wixsite.com/arquitectos (visitado vía WebFetch),Firma de arquitectura con oficina física en Bogotá y portafolio de proyectos propios (diseño y construcción).,6
250,ASOLONJAS (Asociación de Lonjas Inmobiliarias) — Avalúos,Avalúos certificados de bienes raíces,Bogotá D.C. (oficina no publicada),https://avaluo.wixsite.com/asolonjas,"Diseño Wix muy básico y anticuado, sin formulario de contacto integrado, sin portafolio de proyectos, sin testimonios, contacto principal es un Hotmail genérico en vez de dominio propio.",avaluo@hotmail.com,https://avaluo.wixsite.com/asolonjas (visitado vía WebFetch),"Avaluadores profesionales afiliados a Asolonjas, con ingeniero responsable identificado (Ing. Giovanni Bustos) — servicio técnico especializado de alto valor.",7
251,Carolina Macias Diseño Interior,Diseño de interiores / asesoría en mobiliario,"Carrera 8 Bis A #148-31, Bogotá DC 111011",https://todo-empieza-en-tu-interior.ueniweb.com/,"Plantilla genérica de directorio (UENI) sin portafolio de proyectos ni testimonios, contacto principal es un Gmail personal en vez de dominio propio.",caritomm32@gmail.com,https://todo-empieza-en-tu-interior.ueniweb.com/ (visitado vía WebFetch),"Diseñadora de interiores independiente identificada por nombre, con dirección física en Bogotá y servicios de asesoría en diseño y mobiliario personalizado.",6
252,Servir Grupo Inmobiliario,"Finca raíz — venta, arriendo y avalúos","Calle 24A #74A-90, Bogotá DC 110931",https://servir-grupo-inmobiliario.ueniweb.com/,"Plantilla genérica de directorio (UENI), sin WhatsApp visible, sin portafolio de propiedades ni testimonios, contacto principal es un Gmail personal en vez de dominio propio.",maleja2000344@gmail.com,https://servir-grupo-inmobiliario.ueniweb.com/ (visitado vía WebFetch),"Inmobiliaria que ofrece venta, arriendo, avalúos y préstamos hipotecarios — servicios de finca raíz de valor alto y transacciones financieras asociadas.",7
253,Metro Construido,"Asesoría inmobiliaria, avalúos y consultoría en propiedad horizontal","Avenida Jiménez #10-58, Oficina 306, Bogotá D.C.",https://metroconstruido2020.wixsite.com/metro-construido/buscar,"Diseño Wix anticuado, sin formulario de contacto ni WhatsApp visible, sin portafolio digital estructurado, contacto principal es un Outlook personal en vez de dominio propio.",metroconstruido@outlook.com,https://metroconstruido2020.wixsite.com/metro-construido/buscar (visitado vía WebFetch),"Empresa de valuación técnica de propiedades y consultoría en propiedad horizontal, con oficina en el centro financiero de Bogotá (Av. Jiménez).",6
